YEAR,NAME,VARIABLE,VALUE
2010,15-County Region,BIRTHS,29733.0
2011,15-County Region,BIRTHS,29705.0
2012,15-County Region,BIRTHS,30059.0
2013,15-County Region,BIRTHS,30594.0
2014,15-County Region,BIRTHS,30746.0
2015,15-County Region,BIRTHS,31067.0
2016,15-County Region,BIRTHS,30811.0
2017,15-County Region,BIRTHS,30594.0
2018,15-County Region,BIRTHS,30280.0
2019,15-County Region,BIRTHS,30199.0
2020,15-County Region,BIRTHS,28783.0
2021,15-County Region,BIRTHS,29233.0
2022,15-County Region,BIRTHS,29100.0
2023,15-County Region,BIRTHS,28669.0
2010,Delaware,BIRTHS,2178.0
2011,Delaware,BIRTHS,2088.0
2012,Delaware,BIRTHS,2084.0
2013,Delaware,BIRTHS,2194.0
2014,Delaware,BIRTHS,2213.0
2015,Delaware,BIRTHS,2231.0
2016,Delaware,BIRTHS,2123.0
2017,Delaware,BIRTHS,2120.0
2018,Delaware,BIRTHS,2127.0
2019,Delaware,BIRTHS,2147.0
2020,Delaware,BIRTHS,2014.0
2021,Delaware,BIRTHS,2201.0
2022,Delaware,BIRTHS,2176.0
2023,Delaware,BIRTHS,2148.0
2010,Fairfield,BIRTHS,1642.0
2011,Fairfield,BIRTHS,1678.0
2012,Fairfield,BIRTHS,1637.0
2013,Fairfield,BIRTHS,1727.0
2014,Fairfield,BIRTHS,1598.0
2015,Fairfield,BIRTHS,1749.0
2016,Fairfield,BIRTHS,1679.0
2017,Fairfield,BIRTHS,1821.0
2018,Fairfield,BIRTHS,1719.0
2019,Fairfield,BIRTHS,1772.0
2020,Fairfield,BIRTHS,1642.0
2021,Fairfield,BIRTHS,1729.0
2022,Fairfield,BIRTHS,1743.0
2023,Fairfield,BIRTHS,1718.0
2010,Fayette,BIRTHS,340.0
2011,Fayette,BIRTHS,369.0
2012,Fayette,BIRTHS,380.0
2013,Fayette,BIRTHS,354.0
2014,Fayette,BIRTHS,326.0
2015,Fayette,BIRTHS,365.0
2016,Fayette,BIRTHS,335.0
2017,Fayette,BIRTHS,304.0
2018,Fayette,BIRTHS,365.0
2019,Fayette,BIRTHS,298.0
2020,Fayette,BIRTHS,338.0
2021,Fayette,BIRTHS,319.0
2022,Fayette,BIRTHS,354.0
2023,Fayette,BIRTHS,301.0
2010,Franklin,BIRTHS,17851.0
2011,Franklin,BIRTHS,18046.0
2012,Franklin,BIRTHS,18330.0
2013,Franklin,BIRTHS,18771.0
2014,Franklin,BIRTHS,18880.0
2015,Franklin,BIRTHS,19064.0
2016,Franklin,BIRTHS,18955.0
2017,Franklin,BIRTHS,18800.0
2018,Franklin,BIRTHS,18266.0
2019,Franklin,BIRTHS,18350.0
2020,Franklin,BIRTHS,17498.0
2021,Franklin,BIRTHS,17368.0
2022,Franklin,BIRTHS,17425.0
2023,Franklin,BIRTHS,17056.0
2010,Hocking,BIRTHS,338.0
2011,Hocking,BIRTHS,308.0
2012,Hocking,BIRTHS,322.0
2013,Hocking,BIRTHS,322.0
2014,Hocking,BIRTHS,302.0
2015,Hocking,BIRTHS,325.0
2016,Hocking,BIRTHS,299.0
2017,Hocking,BIRTHS,316.0
2018,Hocking,BIRTHS,286.0
2019,Hocking,BIRTHS,312.0
2020,Hocking,BIRTHS,286.0
2021,Hocking,BIRTHS,272.0
2022,Hocking,BIRTHS,277.0
2023,Hocking,BIRTHS,269.0
2010,Knox,BIRTHS,743.0
2011,Knox,BIRTHS,684.0
2012,Knox,BIRTHS,771.0
2013,Knox,BIRTHS,711.0
2014,Knox,BIRTHS,709.0
2015,Knox,BIRTHS,750.0
2016,Knox,BIRTHS,769.0
2017,Knox,BIRTHS,723.0
2018,Knox,BIRTHS,778.0
2019,Knox,BIRTHS,715.0
2020,Knox,BIRTHS,716.0
2021,Knox,BIRTHS,784.0
2022,Knox,BIRTHS,722.0
2023,Knox,BIRTHS,702.0
2010,Licking,BIRTHS,1991.0
2011,Licking,BIRTHS,1927.0
2012,Licking,BIRTHS,1954.0
2013,Licking,BIRTHS,1901.0
2014,Licking,BIRTHS,2086.0
2015,Licking,BIRTHS,1885.0
2016,Licking,BIRTHS,2101.0
2017,Licking,BIRTHS,1900.0
2018,Licking,BIRTHS,2009.0
2019,Licking,BIRTHS,2004.0
2020,Licking,BIRTHS,1848.0
2021,Licking,BIRTHS,1961.0
2022,Licking,BIRTHS,1891.0
2023,Licking,BIRTHS,1842.0
2010,Logan,BIRTHS,559.0
2011,Logan,BIRTHS,536.0
2012,Logan,BIRTHS,537.0
2013,Logan,BIRTHS,570.0
2014,Logan,BIRTHS,532.0
2015,Logan,BIRTHS,581.0
2016,Logan,BIRTHS,501.0
2017,Logan,BIRTHS,533.0
2018,Logan,BIRTHS,566.0
2019,Logan,BIRTHS,535.0
2020,Logan,BIRTHS,486.0
2021,Logan,BIRTHS,541.0
2022,Logan,BIRTHS,497.0
2023,Logan,BIRTHS,505.0
2010,Madison,BIRTHS,418.0
2011,Madison,BIRTHS,424.0
2012,Madison,BIRTHS,425.0
2013,Madison,BIRTHS,422.0
2014,Madison,BIRTHS,430.0
2015,Madison,BIRTHS,407.0
2016,Madison,BIRTHS,414.0
2017,Madison,BIRTHS,445.0
2018,Madison,BIRTHS,431.0
2019,Madison,BIRTHS,460.0
2020,Madison,BIRTHS,433.0
2021,Madison,BIRTHS,425.0
2022,Madison,BIRTHS,473.0
2023,Madison,BIRTHS,432.0
2010,Marion,BIRTHS,811.0
2011,Marion,BIRTHS,776.0
2012,Marion,BIRTHS,790.0
2013,Marion,BIRTHS,773.0
2014,Marion,BIRTHS,709.0
2015,Marion,BIRTHS,735.0
2016,Marion,BIRTHS,763.0
2017,Marion,BIRTHS,747.0
2018,Marion,BIRTHS,737.0
2019,Marion,BIRTHS,740.0
2020,Marion,BIRTHS,683.0
2021,Marion,BIRTHS,708.0
2022,Marion,BIRTHS,734.0
2023,Marion,BIRTHS,700.0
2010,Morrow,BIRTHS,389.0
2011,Morrow,BIRTHS,409.0
2012,Morrow,BIRTHS,398.0
2013,Morrow,BIRTHS,368.0
2014,Morrow,BIRTHS,379.0
2015,Morrow,BIRTHS,396.0
2016,Morrow,BIRTHS,357.0
2017,Morrow,BIRTHS,359.0
2018,Morrow,BIRTHS,396.0
2019,Morrow,BIRTHS,368.0
2020,Morrow,BIRTHS,350.0
2021,Morrow,BIRTHS,389.0
2022,Morrow,BIRTHS,365.0
2023,Morrow,BIRTHS,414.0
2010,Perry,BIRTHS,444.0
2011,Perry,BIRTHS,438.0
2012,Perry,BIRTHS,391.0
2013,Perry,BIRTHS,458.0
2014,Perry,BIRTHS,431.0
2015,Perry,BIRTHS,444.0
2016,Perry,BIRTHS,410.0
2017,Perry,BIRTHS,420.0
2018,Perry,BIRTHS,408.0
2019,Perry,BIRTHS,416.0
2020,Perry,BIRTHS,416.0
2021,Perry,BIRTHS,375.0
2022,Perry,BIRTHS,381.0
2023,Perry,BIRTHS,413.0
2010,Pickaway,BIRTHS,632.0
2011,Pickaway,BIRTHS,553.0
2012,Pickaway,BIRTHS,627.0
2013,Pickaway,BIRTHS,593.0
2014,Pickaway,BIRTHS,616.0
2015,Pickaway,BIRTHS,629.0
2016,Pickaway,BIRTHS,604.0
2017,Pickaway,BIRTHS,580.0
2018,Pickaway,BIRTHS,637.0
2019,Pickaway,BIRTHS,587.0
2020,Pickaway,BIRTHS,633.0
2021,Pickaway,BIRTHS,622.0
2022,Pickaway,BIRTHS,631.0
2023,Pickaway,BIRTHS,629.0
2010,Ross,BIRTHS,799.0
2011,Ross,BIRTHS,861.0
2012,Ross,BIRTHS,829.0
2013,Ross,BIRTHS,827.0
2014,Ross,BIRTHS,898.0
2015,Ross,BIRTHS,847.0
2016,Ross,BIRTHS,834.0
2017,Ross,BIRTHS,862.0
2018,Ross,BIRTHS,849.0
2019,Ross,BIRTHS,786.0
2020,Ross,BIRTHS,745.0
2021,Ross,BIRTHS,833.0
2022,Ross,BIRTHS,708.0
2023,Ross,BIRTHS,709.0
2010,Union,BIRTHS,598.0
2011,Union,BIRTHS,608.0
2012,Union,BIRTHS,584.0
2013,Union,BIRTHS,603.0
2014,Union,BIRTHS,637.0
2015,Union,BIRTHS,659.0
2016,Union,BIRTHS,667.0
2017,Union,BIRTHS,664.0
2018,Union,BIRTHS,706.0
2019,Union,BIRTHS,709.0
2020,Union,BIRTHS,695.0
2021,Union,BIRTHS,706.0
2022,Union,BIRTHS,723.0
2023,Union,BIRTHS,831.0
2010,15-County Region,DEATHS,16896.0
2011,15-County Region,DEATHS,17067.0
2012,15-County Region,DEATHS,17666.0
2013,15-County Region,DEATHS,17563.0
2014,15-County Region,DEATHS,17974.0
2015,15-County Region,DEATHS,19181.0
2016,15-County Region,DEATHS,19140.0
2017,15-County Region,DEATHS,19999.0
2018,15-County Region,DEATHS,20319.0
2019,15-County Region,DEATHS,20491.0
2020,15-County Region,DEATHS,23562.0
2021,15-County Region,DEATHS,24512.0
2022,15-County Region,DEATHS,23118.0
2023,15-County Region,DEATHS,21815.0
2010,Delaware,DEATHS,911.0
2011,Delaware,DEATHS,899.0
2012,Delaware,DEATHS,989.0
2013,Delaware,DEATHS,989.0
2014,Delaware,DEATHS,1031.0
2015,Delaware,DEATHS,1069.0
2016,Delaware,DEATHS,1143.0
2017,Delaware,DEATHS,1165.0
2018,Delaware,DEATHS,1236.0
2019,Delaware,DEATHS,1279.0
2020,Delaware,DEATHS,1475.0
2021,Delaware,DEATHS,1525.0
2022,Delaware,DEATHS,1528.0
2023,Delaware,DEATHS,1586.0
2010,Fairfield,DEATHS,1124.0
2011,Fairfield,DEATHS,1134.0
2012,Fairfield,DEATHS,1182.0
2013,Fairfield,DEATHS,1168.0
2014,Fairfield,DEATHS,1191.0
2015,Fairfield,DEATHS,1316.0
2016,Fairfield,DEATHS,1315.0
2017,Fairfield,DEATHS,1397.0
2018,Fairfield,DEATHS,1483.0
2019,Fairfield,DEATHS,1469.0
2020,Fairfield,DEATHS,1684.0
2021,Fairfield,DEATHS,1818.0
2022,Fairfield,DEATHS,1697.0
2023,Fairfield,DEATHS,1554.0
2010,Fayette,DEATHS,334.0
2011,Fayette,DEATHS,357.0
2012,Fayette,DEATHS,343.0
2013,Fayette,DEATHS,353.0
2014,Fayette,DEATHS,351.0
2015,Fayette,DEATHS,372.0
2016,Fayette,DEATHS,364.0
2017,Fayette,DEATHS,409.0
2018,Fayette,DEATHS,352.0
2019,Fayette,DEATHS,384.0
2020,Fayette,DEATHS,396.0
2021,Fayette,DEATHS,441.0
2022,Fayette,DEATHS,423.0
2023,Fayette,DEATHS,406.0
2010,Franklin,DEATHS,8434.0
2011,Franklin,DEATHS,8575.0
2012,Franklin,DEATHS,8732.0
2013,Franklin,DEATHS,8881.0
2014,Franklin,DEATHS,9013.0
2015,Franklin,DEATHS,9636.0
2016,Franklin,DEATHS,9499.0
2017,Franklin,DEATHS,10035.0
2018,Franklin,DEATHS,10171.0
2019,Franklin,DEATHS,10162.0
2020,Franklin,DEATHS,11879.0
2021,Franklin,DEATHS,11870.0
2022,Franklin,DEATHS,11245.0
2023,Franklin,DEATHS,10669.0
2010,Hocking,DEATHS,284.0
2011,Hocking,DEATHS,318.0
2012,Hocking,DEATHS,312.0
2013,Hocking,DEATHS,315.0
2014,Hocking,DEATHS,306.0
2015,Hocking,DEATHS,265.0
2016,Hocking,DEATHS,303.0
2017,Hocking,DEATHS,336.0
2018,Hocking,DEATHS,360.0
2019,Hocking,DEATHS,344.0
2020,Hocking,DEATHS,391.0
2021,Hocking,DEATHS,437.0
2022,Hocking,DEATHS,400.0
2023,Hocking,DEATHS,335.0
2010,Knox,DEATHS,598.0
2011,Knox,DEATHS,648.0
2012,Knox,DEATHS,624.0
2013,Knox,DEATHS,566.0
2014,Knox,DEATHS,563.0
2015,Knox,DEATHS,628.0
2016,Knox,DEATHS,662.0
2017,Knox,DEATHS,646.0
2018,Knox,DEATHS,649.0
2019,Knox,DEATHS,565.0
2020,Knox,DEATHS,769.0
2021,Knox,DEATHS,815.0
2022,Knox,DEATHS,740.0
2023,Knox,DEATHS,709.0
2010,Licking,DEATHS,1458.0
2011,Licking,DEATHS,1428.0
2012,Licking,DEATHS,1555.0
2013,Licking,DEATHS,1468.0
2014,Licking,DEATHS,1550.0
2015,Licking,DEATHS,1701.0
2016,Licking,DEATHS,1574.0
2017,Licking,DEATHS,1705.0
2018,Licking,DEATHS,1754.0
2019,Licking,DEATHS,1801.0
2020,Licking,DEATHS,1953.0
2021,Licking,DEATHS,2178.0
2022,Licking,DEATHS,1987.0
2023,Licking,DEATHS,1861.0
2010,Logan,DEATHS,469.0
2011,Logan,DEATHS,423.0
2012,Logan,DEATHS,456.0
2013,Logan,DEATHS,480.0
2014,Logan,DEATHS,499.0
2015,Logan,DEATHS,511.0
2016,Logan,DEATHS,503.0
2017,Logan,DEATHS,504.0
2018,Logan,DEATHS,509.0
2019,Logan,DEATHS,503.0
2020,Logan,DEATHS,572.0
2021,Logan,DEATHS,624.0
2022,Logan,DEATHS,550.0
2023,Logan,DEATHS,544.0
2010,Madison,DEATHS,382.0
2011,Madison,DEATHS,365.0
2012,Madison,DEATHS,406.0
2013,Madison,DEATHS,397.0
2014,Madison,DEATHS,376.0
2015,Madison,DEATHS,423.0
2016,Madison,DEATHS,448.0
2017,Madison,DEATHS,445.0
2018,Madison,DEATHS,405.0
2019,Madison,DEATHS,439.0
2020,Madison,DEATHS,473.0
2021,Madison,DEATHS,557.0
2022,Madison,DEATHS,456.0
2023,Madison,DEATHS,457.0
2010,Marion,DEATHS,655.0
2011,Marion,DEATHS,643.0
2012,Marion,DEATHS,712.0
2013,Marion,DEATHS,705.0
2014,Marion,DEATHS,733.0
2015,Marion,DEATHS,758.0
2016,Marion,DEATHS,787.0
2017,Marion,DEATHS,763.0
2018,Marion,DEATHS,790.0
2019,Marion,DEATHS,814.0
2020,Marion,DEATHS,842.0
2021,Marion,DEATHS,934.0
2022,Marion,DEATHS,869.0
2023,Marion,DEATHS,840.0
2010,Morrow,DEATHS,304.0
2011,Morrow,DEATHS,312.0
2012,Morrow,DEATHS,298.0
2013,Morrow,DEATHS,295.0
2014,Morrow,DEATHS,320.0
2015,Morrow,DEATHS,350.0
2016,Morrow,DEATHS,321.0
2017,Morrow,DEATHS,351.0
2018,Morrow,DEATHS,312.0
2019,Morrow,DEATHS,342.0
2020,Morrow,DEATHS,380.0
2021,Morrow,DEATHS,416.0
2022,Morrow,DEATHS,392.0
2023,Morrow,DEATHS,377.0
2010,Perry,DEATHS,314.0
2011,Perry,DEATHS,344.0
2012,Perry,DEATHS,341.0
2013,Perry,DEATHS,324.0
2014,Perry,DEATHS,366.0
2015,Perry,DEATHS,328.0
2016,Perry,DEATHS,362.0
2017,Perry,DEATHS,366.0
2018,Perry,DEATHS,360.0
2019,Perry,DEATHS,394.0
2020,Perry,DEATHS,446.0
2021,Perry,DEATHS,491.0
2022,Perry,DEATHS,436.0
2023,Perry,DEATHS,443.0
2010,Pickaway,DEATHS,500.0
2011,Pickaway,DEATHS,490.0
2012,Pickaway,DEATHS,531.0
2013,Pickaway,DEATHS,503.0
2014,Pickaway,DEATHS,504.0
2015,Pickaway,DEATHS,562.0
2016,Pickaway,DEATHS,603.0
2017,Pickaway,DEATHS,666.0
2018,Pickaway,DEATHS,615.0
2019,Pickaway,DEATHS,643.0
2020,Pickaway,DEATHS,719.0
2021,Pickaway,DEATHS,767.0
2022,Pickaway,DEATHS,713.0
2023,Pickaway,DEATHS,629.0
2010,Ross,DEATHS,810.0
2011,Ross,DEATHS,805.0
2012,Ross,DEATHS,851.0
2013,Ross,DEATHS,762.0
2014,Ross,DEATHS,812.0
2015,Ross,DEATHS,870.0
2016,Ross,DEATHS,889.0
2017,Ross,DEATHS,811.0
2018,Ross,DEATHS,905.0
2019,Ross,DEATHS,929.0
2020,Ross,DEATHS,1095.0
2021,Ross,DEATHS,1146.0
2022,Ross,DEATHS,1138.0
2023,Ross,DEATHS,944.0
2010,Union,DEATHS,319.0
2011,Union,DEATHS,326.0
2012,Union,DEATHS,334.0
2013,Union,DEATHS,357.0
2014,Union,DEATHS,359.0
2015,Union,DEATHS,392.0
2016,Union,DEATHS,367.0
2017,Union,DEATHS,400.0
2018,Union,DEATHS,418.0
2019,Union,DEATHS,423.0
2020,Union,DEATHS,488.0
2021,Union,DEATHS,493.0
2022,Union,DEATHS,544.0
2023,Union,DEATHS,461.0
2010,15-County Region,NETMIG,4624.0
2011,15-County Region,NETMIG,7141.0
2012,15-County Region,NETMIG,6812.0
2013,15-County Region,NETMIG,13895.0
2014,15-County Region,NETMIG,14362.0
2015,15-County Region,NETMIG,13548.0
2016,15-County Region,NETMIG,12309.0
2017,15-County Region,NETMIG,19739.0
2018,15-County Region,NETMIG,11555.0
2019,15-County Region,NETMIG,7690.0
2020,15-County Region,NETMIG,3564.0
2021,15-County Region,NETMIG,-569.0
2022,15-County Region,NETMIG,11314.0
2023,15-County Region,NETMIG,11399.0
2010,Delaware,NETMIG,2388.0
2011,Delaware,NETMIG,2259.0
2012,Delaware,NETMIG,1399.0
2013,Delaware,NETMIG,3030.0
2014,Delaware,NETMIG,2777.0
2015,Delaware,NETMIG,2819.0
2016,Delaware,NETMIG,2696.0
2017,Delaware,NETMIG,2722.0
2018,Delaware,NETMIG,3276.0
2019,Delaware,NETMIG,3225.0
2020,Delaware,NETMIG,3528.0
2021,Delaware,NETMIG,5672.0
2022,Delaware,NETMIG,4599.0
2023,Delaware,NETMIG,4402.0
2010,Fairfield,NETMIG,400.0
2011,Fairfield,NETMIG,266.0
2012,Fairfield,NETMIG,-401.0
2013,Fairfield,NETMIG,959.0
2014,Fairfield,NETMIG,1131.0
2015,Fairfield,NETMIG,493.0
2016,Fairfield,NETMIG,1101.0
2017,Fairfield,NETMIG,1561.0
2018,Fairfield,NETMIG,919.0
2019,Fairfield,NETMIG,1278.0
2020,Fairfield,NETMIG,2080.0
2021,Fairfield,NETMIG,1793.0
2022,Fairfield,NETMIG,1922.0
2023,Fairfield,NETMIG,2300.0
2010,Fayette,NETMIG,8.0
2011,Fayette,NETMIG,-157.0
2012,Fayette,NETMIG,-133.0
2013,Fayette,NETMIG,-65.0
2014,Fayette,NETMIG,-15.0
2015,Fayette,NETMIG,-23.0
2016,Fayette,NETMIG,63.0
2017,Fayette,NETMIG,56.0
2018,Fayette,NETMIG,28.0
2019,Fayette,NETMIG,-147.0
2020,Fayette,NETMIG,116.0
2021,Fayette,NETMIG,34.0
2022,Fayette,NETMIG,29.0
2023,Fayette,NETMIG,64.0
2010,Franklin,NETMIG,1200.0
2011,Franklin,NETMIG,5322.0
2012,Franklin,NETMIG,8741.0
2013,Franklin,NETMIG,10148.0
2014,Franklin,NETMIG,9496.0
2015,Franklin,NETMIG,9745.0
2016,Franklin,NETMIG,7485.0
2017,Franklin,NETMIG,11870.0
2018,Franklin,NETMIG,3659.0
2019,Franklin,NETMIG,628.0
2020,Franklin,NETMIG,-4696.0
2021,Franklin,NETMIG,-12409.0
2022,Franklin,NETMIG,-184.0
2023,Franklin,NETMIG,-2527.0
2010,Hocking,NETMIG,272.0
2011,Hocking,NETMIG,-14.0
2012,Hocking,NETMIG,-174.0
2013,Hocking,NETMIG,-678.0
2014,Hocking,NETMIG,85.0
2015,Hocking,NETMIG,-266.0
2016,Hocking,NETMIG,-140.0
2017,Hocking,NETMIG,81.0
2018,Hocking,NETMIG,-57.0
2019,Hocking,NETMIG,-49.0
2020,Hocking,NETMIG,-68.0
2021,Hocking,NETMIG,212.0
2022,Hocking,NETMIG,-116.0
2023,Hocking,NETMIG,-153.0
2010,Knox,NETMIG,372.0
2011,Knox,NETMIG,133.0
2012,Knox,NETMIG,-634.0
2013,Knox,NETMIG,-18.0
2014,Knox,NETMIG,30.0
2015,Knox,NETMIG,-140.0
2016,Knox,NETMIG,-213.0
2017,Knox,NETMIG,306.0
2018,Knox,NETMIG,485.0
2019,Knox,NETMIG,314.0
2020,Knox,NETMIG,196.0
2021,Knox,NETMIG,-200.0
2022,Knox,NETMIG,684.0
2023,Knox,NETMIG,86.0
2010,Licking,NETMIG,408.0
2011,Licking,NETMIG,-33.0
2012,Licking,NETMIG,6.0
2013,Licking,NETMIG,454.0
2014,Licking,NETMIG,529.0
2015,Licking,NETMIG,894.0
2016,Licking,NETMIG,1011.0
2017,Licking,NETMIG,1274.0
2018,Licking,NETMIG,1736.0
2019,Licking,NETMIG,943.0
2020,Licking,NETMIG,828.0
2021,Licking,NETMIG,1341.0
2022,Licking,NETMIG,2002.0
2023,Licking,NETMIG,1433.0
2010,Logan,NETMIG,-320.0
2011,Logan,NETMIG,-256.0
2012,Logan,NETMIG,-297.0
2013,Logan,NETMIG,-100.0
2014,Logan,NETMIG,12.0
2015,Logan,NETMIG,-238.0
2016,Logan,NETMIG,-168.0
2017,Logan,NETMIG,88.0
2018,Logan,NETMIG,53.0
2019,Logan,NETMIG,292.0
2020,Logan,NETMIG,-256.0
2021,Logan,NETMIG,88.0
2022,Logan,NETMIG,26.0
2023,Logan,NETMIG,10.0
2010,Madison,NETMIG,120.0
2011,Madison,NETMIG,-375.0
2012,Madison,NETMIG,-180.0
2013,Madison,NETMIG,297.0
2014,Madison,NETMIG,657.0
2015,Madison,NETMIG,142.0
2016,Madison,NETMIG,-749.0
2017,Madison,NETMIG,672.0
2018,Madison,NETMIG,330.0
2019,Madison,NETMIG,295.0
2020,Madison,NETMIG,-12.0
2021,Madison,NETMIG,673.0
2022,Madison,NETMIG,-823.0
2023,Madison,NETMIG,1038.0
2010,Marion,NETMIG,-184.0
2011,Marion,NETMIG,-43.0
2012,Marion,NETMIG,-402.0
2013,Marion,NETMIG,-380.0
2014,Marion,NETMIG,-235.0
2015,Marion,NETMIG,-329.0
2016,Marion,NETMIG,43.0
2017,Marion,NETMIG,-335.0
2018,Marion,NETMIG,349.0
2019,Marion,NETMIG,-336.0
2020,Marion,NETMIG,180.0
2021,Marion,NETMIG,69.0
2022,Marion,NETMIG,-482.0
2023,Marion,NETMIG,359.0
2010,Morrow,NETMIG,-132.0
2011,Morrow,NETMIG,-38.0
2012,Morrow,NETMIG,-86.0
2013,Morrow,NETMIG,-64.0
2014,Morrow,NETMIG,18.0
2015,Morrow,NETMIG,-31.0
2016,Morrow,NETMIG,-61.0
2017,Morrow,NETMIG,-39.0
2018,Morrow,NETMIG,138.0
2019,Morrow,NETMIG,151.0
2020,Morrow,NETMIG,48.0
2021,Morrow,NETMIG,241.0
2022,Morrow,NETMIG,187.0
2023,Morrow,NETMIG,280.0
2010,Perry,NETMIG,-12.0
2011,Perry,NETMIG,60.0
2012,Perry,NETMIG,-297.0
2013,Perry,NETMIG,-101.0
2014,Perry,NETMIG,-133.0
2015,Perry,NETMIG,-21.0
2016,Perry,NETMIG,-63.0
2017,Perry,NETMIG,-86.0
2018,Perry,NETMIG,3.0
2019,Perry,NETMIG,46.0
2020,Perry,NETMIG,88.0
2021,Perry,NETMIG,74.0
2022,Perry,NETMIG,127.0
2023,Perry,NETMIG,133.0
2010,Pickaway,NETMIG,-76.0
2011,Pickaway,NETMIG,118.0
2012,Pickaway,NETMIG,212.0
2013,Pickaway,NETMIG,58.0
2014,Pickaway,NETMIG,232.0
2015,Pickaway,NETMIG,155.0
2016,Pickaway,NETMIG,539.0
2017,Pickaway,NETMIG,254.0
2018,Pickaway,NETMIG,347.0
2019,Pickaway,NETMIG,366.0
2020,Pickaway,NETMIG,484.0
2021,Pickaway,NETMIG,200.0
2022,Pickaway,NETMIG,1340.0
2023,Pickaway,NETMIG,1155.0
2010,Ross,NETMIG,80.0
2011,Ross,NETMIG,-459.0
2012,Ross,NETMIG,-334.0
2013,Ross,NETMIG,-34.0
2014,Ross,NETMIG,-333.0
2015,Ross,NETMIG,12.0
2016,Ross,NETMIG,-141.0
2017,Ross,NETMIG,387.0
2018,Ross,NETMIG,-411.0
2019,Ross,NETMIG,-211.0
2020,Ross,NETMIG,24.0
2021,Ross,NETMIG,-234.0
2022,Ross,NETMIG,442.0
2023,Ross,NETMIG,282.0
2010,Union,NETMIG,100.0
2011,Union,NETMIG,358.0
2012,Union,NETMIG,-608.0
2013,Union,NETMIG,389.0
2014,Union,NETMIG,111.0
2015,Union,NETMIG,336.0
2016,Union,NETMIG,906.0
2017,Union,NETMIG,928.0
2018,Union,NETMIG,700.0
2019,Union,NETMIG,895.0
2020,Union,NETMIG,1024.0
2021,Union,NETMIG,1877.0
2022,Union,NETMIG,1561.0
2023,Union,NETMIG,2537.0
2010,15-County Region,POPEST,2186769.0
2011,15-County Region,POPEST,2206291.0
2012,15-County Region,POPEST,2225767.0
2013,15-County Region,POPEST,2252245.0
2014,15-County Region,POPEST,2279644.0
2015,15-County Region,POPEST,2304910.0
2016,15-County Region,POPEST,2329214.0
2017,15-County Region,POPEST,2360060.0
2018,15-County Region,POPEST,2382390.0
2019,15-County Region,POPEST,2400549.0
2020,15-County Region,POPEST,2422226.0
2021,15-County Region,POPEST,2426372.0
2022,15-County Region,POPEST,2441273.0
2023,15-County Region,POPEST,2459817.0
2010,Delaware,POPEST,175099.0
2011,Delaware,POPEST,178535.0
2012,Delaware,POPEST,181127.0
2013,Delaware,POPEST,185380.0
2014,Delaware,POPEST,189440.0
2015,Delaware,POPEST,193391.0
2016,Delaware,POPEST,197144.0
2017,Delaware,POPEST,200870.0
2018,Delaware,POPEST,205091.0
2019,Delaware,POPEST,209177.0
2020,Delaware,POPEST,215166.0
2021,Delaware,POPEST,221282.0
2022,Delaware,POPEST,226526.0
2023,Delaware,POPEST,231636.0
2010,Fairfield,POPEST,146417.0
2011,Fairfield,POPEST,147174.0
2012,Fairfield,POPEST,147301.0
2013,Fairfield,POPEST,148796.0
2014,Fairfield,POPEST,150360.0
2015,Fairfield,POPEST,151254.0
2016,Fairfield,POPEST,152789.0
2017,Fairfield,POPEST,154686.0
2018,Fairfield,POPEST,155982.0
2019,Fairfield,POPEST,157574.0
2020,Fairfield,POPEST,159448.0
2021,Fairfield,POPEST,161209.0
2022,Fairfield,POPEST,162956.0
2023,Fairfield,POPEST,165360.0
2010,Fayette,POPEST,29014.0
2011,Fayette,POPEST,28867.0
2012,Fayette,POPEST,28767.0
2013,Fayette,POPEST,28686.0
2014,Fayette,POPEST,28650.0
2015,Fayette,POPEST,28611.0
2016,Fayette,POPEST,28670.0
2017,Fayette,POPEST,28639.0
2018,Fayette,POPEST,28653.0
2019,Fayette,POPEST,28525.0
2020,Fayette,POPEST,28975.0
2021,Fayette,POPEST,28934.0
2022,Fayette,POPEST,28832.0
2023,Fayette,POPEST,28817.0
2010,Franklin,POPEST,1166202.0
2011,Franklin,POPEST,1180800.0
2012,Franklin,POPEST,1199045.0
2013,Franklin,POPEST,1218878.0
2014,Franklin,POPEST,1238362.0
2015,Franklin,POPEST,1257386.0
2016,Franklin,POPEST,1274450.0
2017,Franklin,POPEST,1295510.0
2018,Franklin,POPEST,1307698.0
2019,Franklin,POPEST,1316756.0
2020,Franklin,POPEST,1324441.0
2021,Franklin,POPEST,1317346.0
2022,Franklin,POPEST,1321730.0
2023,Franklin,POPEST,1326063.0
2010,Hocking,POPEST,29478.0
2011,Hocking,POPEST,29466.0
2012,Hocking,POPEST,29304.0
2013,Hocking,POPEST,28653.0
2014,Hocking,POPEST,28743.0
2015,Hocking,POPEST,28500.0
2016,Hocking,POPEST,28393.0
2017,Hocking,POPEST,28436.0
2018,Hocking,POPEST,28357.0
2019,Hocking,POPEST,28264.0
2020,Hocking,POPEST,28040.0
2021,Hocking,POPEST,28101.0
2022,Hocking,POPEST,27818.0
2023,Hocking,POPEST,27540.0
2010,Knox,POPEST,61090.0
2011,Knox,POPEST,61283.0
2012,Knox,POPEST,60764.0
2013,Knox,POPEST,60858.0
2014,Knox,POPEST,61000.0
2015,Knox,POPEST,61001.0
2016,Knox,POPEST,60909.0
2017,Knox,POPEST,61271.0
2018,Knox,POPEST,61900.0
2019,Knox,POPEST,62322.0
2020,Knox,POPEST,62803.0
2021,Knox,POPEST,62543.0
2022,Knox,POPEST,63196.0
2023,Knox,POPEST,63320.0
2010,Licking,POPEST,166705.0
2011,Licking,POPEST,167164.0
2012,Licking,POPEST,167589.0
2013,Licking,POPEST,168461.0
2014,Licking,POPEST,169410.0
2015,Licking,POPEST,170611.0
2016,Licking,POPEST,171993.0
2017,Licking,POPEST,173617.0
2018,Licking,POPEST,175666.0
2019,Licking,POPEST,176862.0
2020,Licking,POPEST,178784.0
2021,Licking,POPEST,180021.0
2022,Licking,POPEST,181765.0
2023,Licking,POPEST,183201.0
2010,Logan,POPEST,45743.0
2011,Logan,POPEST,45623.0
2012,Logan,POPEST,45410.0
2013,Logan,POPEST,45393.0
2014,Logan,POPEST,45473.0
2015,Logan,POPEST,45250.0
2016,Logan,POPEST,45128.0
2017,Logan,POPEST,45198.0
2018,Logan,POPEST,45332.0
2019,Logan,POPEST,45672.0
2020,Logan,POPEST,46116.0
2021,Logan,POPEST,46158.0
2022,Logan,POPEST,46062.0
2023,Logan,POPEST,46057.0
2010,Madison,POPEST,43434.0
2011,Madison,POPEST,43114.0
2012,Madison,POPEST,42991.0
2013,Madison,POPEST,43256.0
2014,Madison,POPEST,43980.0
2015,Madison,POPEST,44139.0
2016,Madison,POPEST,43377.0
2017,Madison,POPEST,44041.0
2018,Madison,POPEST,44389.0
2019,Madison,POPEST,44731.0
2020,Madison,POPEST,43849.0
2021,Madison,POPEST,44428.0
2022,Madison,POPEST,43581.0
2023,Madison,POPEST,44602.0
2010,Marion,POPEST,66458.0
2011,Marion,POPEST,66599.0
2012,Marion,POPEST,66277.0
2013,Marion,POPEST,65964.0
2014,Marion,POPEST,65791.0
2015,Marion,POPEST,65431.0
2016,Marion,POPEST,65467.0
2017,Marion,POPEST,65076.0
2018,Marion,POPEST,65427.0
2019,Marion,POPEST,65093.0
2020,Marion,POPEST,65388.0
2021,Marion,POPEST,65310.0
2022,Marion,POPEST,64609.0
2023,Marion,POPEST,64851.0
2010,Morrow,POPEST,34790.0
2011,Morrow,POPEST,34810.0
2012,Morrow,POPEST,34834.0
2013,Morrow,POPEST,34846.0
2014,Morrow,POPEST,34937.0
2015,Morrow,POPEST,34943.0
2016,Morrow,POPEST,34922.0
2017,Morrow,POPEST,34911.0
2018,Morrow,POPEST,35113.0
2019,Morrow,POPEST,35328.0
2020,Morrow,POPEST,34980.0
2021,Morrow,POPEST,35205.0
2022,Morrow,POPEST,35336.0
2023,Morrow,POPEST,35595.0
2010,Perry,POPEST,36037.0
2011,Perry,POPEST,36232.0
2012,Perry,POPEST,35984.0
2013,Perry,POPEST,36000.0
2014,Perry,POPEST,35926.0
2015,Perry,POPEST,35967.0
2016,Perry,POPEST,35998.0
2017,Perry,POPEST,35972.0
2018,Perry,POPEST,36039.0
2019,Perry,POPEST,36134.0
2020,Perry,POPEST,35446.0
2021,Perry,POPEST,35464.0
2022,Perry,POPEST,35471.0
2023,Perry,POPEST,35551.0
2010,Pickaway,POPEST,55740.0
2011,Pickaway,POPEST,55948.0
2012,Pickaway,POPEST,56237.0
2013,Pickaway,POPEST,56355.0
2014,Pickaway,POPEST,56704.0
2015,Pickaway,POPEST,56989.0
2016,Pickaway,POPEST,57545.0
2017,Pickaway,POPEST,57740.0
2018,Pickaway,POPEST,58077.0
2019,Pickaway,POPEST,58457.0
2020,Pickaway,POPEST,58656.0
2021,Pickaway,POPEST,58765.0
2022,Pickaway,POPEST,60007.0
2023,Pickaway,POPEST,61086.0
2010,Ross,POPEST,78098.0
2011,Ross,POPEST,77581.0
2012,Ross,POPEST,77341.0
2013,Ross,POPEST,77283.0
2014,Ross,POPEST,77095.0
2015,Ross,POPEST,77049.0
2016,Ross,POPEST,76848.0
2017,Ross,POPEST,77295.0
2018,Ross,POPEST,76884.0
2019,Ross,POPEST,76666.0
2020,Ross,POPEST,77049.0
2021,Ross,POPEST,76500.0
2022,Ross,POPEST,76508.0
2023,Ross,POPEST,76501.0
2010,Union,POPEST,52464.0
2011,Union,POPEST,53095.0
2012,Union,POPEST,52796.0
2013,Union,POPEST,53436.0
2014,Union,POPEST,53773.0
2015,Union,POPEST,54388.0
2016,Union,POPEST,55581.0
2017,Union,POPEST,56798.0
2018,Union,POPEST,57782.0
2019,Union,POPEST,58988.0
2020,Union,POPEST,63085.0
2021,Union,POPEST,65106.0
2022,Union,POPEST,66876.0
2023,Union,POPEST,69637.0
2010,15-County Region,NATINC,12837.0
2011,15-County Region,NATINC,12638.0
2012,15-County Region,NATINC,12393.0
2013,15-County Region,NATINC,13031.0
2014,15-County Region,NATINC,12772.0
2015,15-County Region,NATINC,11886.0
2016,15-County Region,NATINC,11671.0
2017,15-County Region,NATINC,10595.0
2018,15-County Region,NATINC,9961.0
2019,15-County Region,NATINC,9708.0
2020,15-County Region,NATINC,5221.0
2021,15-County Region,NATINC,4721.0
2022,15-County Region,NATINC,5982.0
2023,15-County Region,NATINC,6854.0
2010,Delaware,NATINC,1267.0
2011,Delaware,NATINC,1189.0
2012,Delaware,NATINC,1095.0
2013,Delaware,NATINC,1205.0
2014,Delaware,NATINC,1182.0
2015,Delaware,NATINC,1162.0
2016,Delaware,NATINC,980.0
2017,Delaware,NATINC,955.0
2018,Delaware,NATINC,891.0
2019,Delaware,NATINC,868.0
2020,Delaware,NATINC,539.0
2021,Delaware,NATINC,676.0
2022,Delaware,NATINC,648.0
2023,Delaware,NATINC,562.0
2010,Fairfield,NATINC,518.0
2011,Fairfield,NATINC,544.0
2012,Fairfield,NATINC,455.0
2013,Fairfield,NATINC,559.0
2014,Fairfield,NATINC,407.0
2015,Fairfield,NATINC,433.0
2016,Fairfield,NATINC,364.0
2017,Fairfield,NATINC,424.0
2018,Fairfield,NATINC,236.0
2019,Fairfield,NATINC,303.0
2020,Fairfield,NATINC,-42.0
2021,Fairfield,NATINC,-89.0
2022,Fairfield,NATINC,46.0
2023,Fairfield,NATINC,164.0
2010,Fayette,NATINC,6.0
2011,Fayette,NATINC,12.0
2012,Fayette,NATINC,37.0
2013,Fayette,NATINC,1.0
2014,Fayette,NATINC,-25.0
2015,Fayette,NATINC,-7.0
2016,Fayette,NATINC,-29.0
2017,Fayette,NATINC,-105.0
2018,Fayette,NATINC,13.0
2019,Fayette,NATINC,-86.0
2020,Fayette,NATINC,-58.0
2021,Fayette,NATINC,-122.0
2022,Fayette,NATINC,-69.0
2023,Fayette,NATINC,-105.0
2010,Franklin,NATINC,9417.0
2011,Franklin,NATINC,9471.0
2012,Franklin,NATINC,9598.0
2013,Franklin,NATINC,9890.0
2014,Franklin,NATINC,9867.0
2015,Franklin,NATINC,9428.0
2016,Franklin,NATINC,9456.0
2017,Franklin,NATINC,8765.0
2018,Franklin,NATINC,8095.0
2019,Franklin,NATINC,8188.0
2020,Franklin,NATINC,5619.0
2021,Franklin,NATINC,5498.0
2022,Franklin,NATINC,6180.0
2023,Franklin,NATINC,6387.0
2010,Hocking,NATINC,54.0
2011,Hocking,NATINC,-10.0
2012,Hocking,NATINC,10.0
2013,Hocking,NATINC,7.0
2014,Hocking,NATINC,-4.0
2015,Hocking,NATINC,60.0
2016,Hocking,NATINC,-4.0
2017,Hocking,NATINC,-20.0
2018,Hocking,NATINC,-74.0
2019,Hocking,NATINC,-32.0
2020,Hocking,NATINC,-105.0
2021,Hocking,NATINC,-165.0
2022,Hocking,NATINC,-123.0
2023,Hocking,NATINC,-66.0
2010,Knox,NATINC,145.0
2011,Knox,NATINC,36.0
2012,Knox,NATINC,147.0
2013,Knox,NATINC,145.0
2014,Knox,NATINC,146.0
2015,Knox,NATINC,122.0
2016,Knox,NATINC,107.0
2017,Knox,NATINC,77.0
2018,Knox,NATINC,129.0
2019,Knox,NATINC,150.0
2020,Knox,NATINC,-53.0
2021,Knox,NATINC,-31.0
2022,Knox,NATINC,-18.0
2023,Knox,NATINC,-7.0
2010,Licking,NATINC,533.0
2011,Licking,NATINC,499.0
2012,Licking,NATINC,399.0
2013,Licking,NATINC,433.0
2014,Licking,NATINC,536.0
2015,Licking,NATINC,184.0
2016,Licking,NATINC,527.0
2017,Licking,NATINC,195.0
2018,Licking,NATINC,255.0
2019,Licking,NATINC,203.0
2020,Licking,NATINC,-105.0
2021,Licking,NATINC,-217.0
2022,Licking,NATINC,-96.0
2023,Licking,NATINC,-19.0
2010,Logan,NATINC,90.0
2011,Logan,NATINC,113.0
2012,Logan,NATINC,81.0
2013,Logan,NATINC,90.0
2014,Logan,NATINC,33.0
2015,Logan,NATINC,70.0
2016,Logan,NATINC,-2.0
2017,Logan,NATINC,29.0
2018,Logan,NATINC,57.0
2019,Logan,NATINC,32.0
2020,Logan,NATINC,-86.0
2021,Logan,NATINC,-83.0
2022,Logan,NATINC,-53.0
2023,Logan,NATINC,-39.0
2010,Madison,NATINC,36.0
2011,Madison,NATINC,59.0
2012,Madison,NATINC,19.0
2013,Madison,NATINC,25.0
2014,Madison,NATINC,54.0
2015,Madison,NATINC,-16.0
2016,Madison,NATINC,-34.0
2017,Madison,NATINC,0.0
2018,Madison,NATINC,26.0
2019,Madison,NATINC,21.0
2020,Madison,NATINC,-40.0
2021,Madison,NATINC,-132.0
2022,Madison,NATINC,17.0
2023,Madison,NATINC,-25.0
2010,Marion,NATINC,156.0
2011,Marion,NATINC,133.0
2012,Marion,NATINC,78.0
2013,Marion,NATINC,68.0
2014,Marion,NATINC,-24.0
2015,Marion,NATINC,-23.0
2016,Marion,NATINC,-24.0
2017,Marion,NATINC,-16.0
2018,Marion,NATINC,-53.0
2019,Marion,NATINC,-74.0
2020,Marion,NATINC,-159.0
2021,Marion,NATINC,-226.0
2022,Marion,NATINC,-135.0
2023,Marion,NATINC,-140.0
2010,Morrow,NATINC,85.0
2011,Morrow,NATINC,97.0
2012,Morrow,NATINC,100.0
2013,Morrow,NATINC,73.0
2014,Morrow,NATINC,59.0
2015,Morrow,NATINC,46.0
2016,Morrow,NATINC,36.0
2017,Morrow,NATINC,8.0
2018,Morrow,NATINC,84.0
2019,Morrow,NATINC,26.0
2020,Morrow,NATINC,-30.0
2021,Morrow,NATINC,-27.0
2022,Morrow,NATINC,-27.0
2023,Morrow,NATINC,37.0
2010,Perry,NATINC,130.0
2011,Perry,NATINC,94.0
2012,Perry,NATINC,50.0
2013,Perry,NATINC,134.0
2014,Perry,NATINC,65.0
2015,Perry,NATINC,116.0
2016,Perry,NATINC,48.0
2017,Perry,NATINC,54.0
2018,Perry,NATINC,48.0
2019,Perry,NATINC,22.0
2020,Perry,NATINC,-30.0
2021,Perry,NATINC,-116.0
2022,Perry,NATINC,-55.0
2023,Perry,NATINC,-30.0
2010,Pickaway,NATINC,132.0
2011,Pickaway,NATINC,63.0
2012,Pickaway,NATINC,96.0
2013,Pickaway,NATINC,90.0
2014,Pickaway,NATINC,112.0
2015,Pickaway,NATINC,67.0
2016,Pickaway,NATINC,1.0
2017,Pickaway,NATINC,-86.0
2018,Pickaway,NATINC,22.0
2019,Pickaway,NATINC,-56.0
2020,Pickaway,NATINC,-86.0
2021,Pickaway,NATINC,-145.0
2022,Pickaway,NATINC,-82.0
2023,Pickaway,NATINC,0.0
2010,Ross,NATINC,-11.0
2011,Ross,NATINC,56.0
2012,Ross,NATINC,-22.0
2013,Ross,NATINC,65.0
2014,Ross,NATINC,86.0
2015,Ross,NATINC,-23.0
2016,Ross,NATINC,-55.0
2017,Ross,NATINC,51.0
2018,Ross,NATINC,-56.0
2019,Ross,NATINC,-143.0
2020,Ross,NATINC,-350.0
2021,Ross,NATINC,-313.0
2022,Ross,NATINC,-430.0
2023,Ross,NATINC,-235.0
2010,Union,NATINC,279.0
2011,Union,NATINC,282.0
2012,Union,NATINC,250.0
2013,Union,NATINC,246.0
2014,Union,NATINC,278.0
2015,Union,NATINC,267.0
2016,Union,NATINC,300.0
2017,Union,NATINC,264.0
2018,Union,NATINC,288.0
2019,Union,NATINC,286.0
2020,Union,NATINC,207.0
2021,Union,NATINC,213.0
2022,Union,NATINC,179.0
2023,Union,NATINC,370.0
2010,15-County Region,NPOPCHG,17461.0
2011,15-County Region,NPOPCHG,19779.0
2012,15-County Region,NPOPCHG,19205.0
2013,15-County Region,NPOPCHG,26926.0
2014,15-County Region,NPOPCHG,27134.0
2015,15-County Region,NPOPCHG,25434.0
2016,15-County Region,NPOPCHG,23980.0
2017,15-County Region,NPOPCHG,30334.0
2018,15-County Region,NPOPCHG,21516.0
2019,15-County Region,NPOPCHG,17398.0
2020,15-County Region,NPOPCHG,8785.0
2021,15-County Region,NPOPCHG,4152.0
2022,15-County Region,NPOPCHG,17296.0
2023,15-County Region,NPOPCHG,18253.0
2010,Delaware,NPOPCHG,3655.0
2011,Delaware,NPOPCHG,3448.0
2012,Delaware,NPOPCHG,2494.0
2013,Delaware,NPOPCHG,4235.0
2014,Delaware,NPOPCHG,3959.0
2015,Delaware,NPOPCHG,3981.0
2016,Delaware,NPOPCHG,3676.0
2017,Delaware,NPOPCHG,3677.0
2018,Delaware,NPOPCHG,4167.0
2019,Delaware,NPOPCHG,4093.0
2020,Delaware,NPOPCHG,4067.0
2021,Delaware,NPOPCHG,6348.0
2022,Delaware,NPOPCHG,5247.0
2023,Delaware,NPOPCHG,4964.0
2010,Fairfield,NPOPCHG,918.0
2011,Fairfield,NPOPCHG,810.0
2012,Fairfield,NPOPCHG,54.0
2013,Fairfield,NPOPCHG,1518.0
2014,Fairfield,NPOPCHG,1538.0
2015,Fairfield,NPOPCHG,926.0
2016,Fairfield,NPOPCHG,1465.0
2017,Fairfield,NPOPCHG,1985.0
2018,Fairfield,NPOPCHG,1155.0
2019,Fairfield,NPOPCHG,1581.0
2020,Fairfield,NPOPCHG,2038.0
2021,Fairfield,NPOPCHG,1704.0
2022,Fairfield,NPOPCHG,1968.0
2023,Fairfield,NPOPCHG,2464.0
2010,Fayette,NPOPCHG,14.0
2011,Fayette,NPOPCHG,-145.0
2012,Fayette,NPOPCHG,-96.0
2013,Fayette,NPOPCHG,-64.0
2014,Fayette,NPOPCHG,-40.0
2015,Fayette,NPOPCHG,-30.0
2016,Fayette,NPOPCHG,34.0
2017,Fayette,NPOPCHG,-49.0
2018,Fayette,NPOPCHG,41.0
2019,Fayette,NPOPCHG,-233.0
2020,Fayette,NPOPCHG,58.0
2021,Fayette,NPOPCHG,-88.0
2022,Fayette,NPOPCHG,-40.0
2023,Fayette,NPOPCHG,-41.0
2010,Franklin,NPOPCHG,10617.0
2011,Franklin,NPOPCHG,14793.0
2012,Franklin,NPOPCHG,18339.0
2013,Franklin,NPOPCHG,20038.0
2014,Franklin,NPOPCHG,19363.0
2015,Franklin,NPOPCHG,19173.0
2016,Franklin,NPOPCHG,16941.0
2017,Franklin,NPOPCHG,20635.0
2018,Franklin,NPOPCHG,11754.0
2019,Franklin,NPOPCHG,8816.0
2020,Franklin,NPOPCHG,923.0
2021,Franklin,NPOPCHG,-6911.0
2022,Franklin,NPOPCHG,5996.0
2023,Franklin,NPOPCHG,3860.0
2010,Hocking,NPOPCHG,326.0
2011,Hocking,NPOPCHG,-24.0
2012,Hocking,NPOPCHG,-164.0
2013,Hocking,NPOPCHG,-671.0
2014,Hocking,NPOPCHG,81.0
2015,Hocking,NPOPCHG,-206.0
2016,Hocking,NPOPCHG,-144.0
2017,Hocking,NPOPCHG,61.0
2018,Hocking,NPOPCHG,-131.0
2019,Hocking,NPOPCHG,-81.0
2020,Hocking,NPOPCHG,-173.0
2021,Hocking,NPOPCHG,47.0
2022,Hocking,NPOPCHG,-239.0
2023,Hocking,NPOPCHG,-219.0
2010,Knox,NPOPCHG,517.0
2011,Knox,NPOPCHG,169.0
2012,Knox,NPOPCHG,-487.0
2013,Knox,NPOPCHG,127.0
2014,Knox,NPOPCHG,176.0
2015,Knox,NPOPCHG,-18.0
2016,Knox,NPOPCHG,-106.0
2017,Knox,NPOPCHG,383.0
2018,Knox,NPOPCHG,614.0
2019,Knox,NPOPCHG,464.0
2020,Knox,NPOPCHG,143.0
2021,Knox,NPOPCHG,-231.0
2022,Knox,NPOPCHG,666.0
2023,Knox,NPOPCHG,79.0
2010,Licking,NPOPCHG,941.0
2011,Licking,NPOPCHG,466.0
2012,Licking,NPOPCHG,405.0
2013,Licking,NPOPCHG,887.0
2014,Licking,NPOPCHG,1065.0
2015,Licking,NPOPCHG,1078.0
2016,Licking,NPOPCHG,1538.0
2017,Licking,NPOPCHG,1469.0
2018,Licking,NPOPCHG,1991.0
2019,Licking,NPOPCHG,1146.0
2020,Licking,NPOPCHG,723.0
2021,Licking,NPOPCHG,1124.0
2022,Licking,NPOPCHG,1906.0
2023,Licking,NPOPCHG,1414.0
2010,Logan,NPOPCHG,-230.0
2011,Logan,NPOPCHG,-143.0
2012,Logan,NPOPCHG,-216.0
2013,Logan,NPOPCHG,-10.0
2014,Logan,NPOPCHG,45.0
2015,Logan,NPOPCHG,-168.0
2016,Logan,NPOPCHG,-170.0
2017,Logan,NPOPCHG,117.0
2018,Logan,NPOPCHG,110.0
2019,Logan,NPOPCHG,324.0
2020,Logan,NPOPCHG,-342.0
2021,Logan,NPOPCHG,5.0
2022,Logan,NPOPCHG,-27.0
2023,Logan,NPOPCHG,-29.0
2010,Madison,NPOPCHG,156.0
2011,Madison,NPOPCHG,-316.0
2012,Madison,NPOPCHG,-161.0
2013,Madison,NPOPCHG,322.0
2014,Madison,NPOPCHG,711.0
2015,Madison,NPOPCHG,126.0
2016,Madison,NPOPCHG,-783.0
2017,Madison,NPOPCHG,672.0
2018,Madison,NPOPCHG,356.0
2019,Madison,NPOPCHG,316.0
2020,Madison,NPOPCHG,-52.0
2021,Madison,NPOPCHG,541.0
2022,Madison,NPOPCHG,-806.0
2023,Madison,NPOPCHG,1013.0
2010,Marion,NPOPCHG,-28.0
2011,Marion,NPOPCHG,90.0
2012,Marion,NPOPCHG,-324.0
2013,Marion,NPOPCHG,-312.0
2014,Marion,NPOPCHG,-259.0
2015,Marion,NPOPCHG,-352.0
2016,Marion,NPOPCHG,19.0
2017,Marion,NPOPCHG,-351.0
2018,Marion,NPOPCHG,296.0
2019,Marion,NPOPCHG,-410.0
2020,Marion,NPOPCHG,21.0
2021,Marion,NPOPCHG,-157.0
2022,Marion,NPOPCHG,-617.0
2023,Marion,NPOPCHG,219.0
2010,Morrow,NPOPCHG,-47.0
2011,Morrow,NPOPCHG,59.0
2012,Morrow,NPOPCHG,14.0
2013,Morrow,NPOPCHG,9.0
2014,Morrow,NPOPCHG,77.0
2015,Morrow,NPOPCHG,15.0
2016,Morrow,NPOPCHG,-25.0
2017,Morrow,NPOPCHG,-31.0
2018,Morrow,NPOPCHG,222.0
2019,Morrow,NPOPCHG,177.0
2020,Morrow,NPOPCHG,18.0
2021,Morrow,NPOPCHG,214.0
2022,Morrow,NPOPCHG,160.0
2023,Morrow,NPOPCHG,317.0
2010,Perry,NPOPCHG,118.0
2011,Perry,NPOPCHG,154.0
2012,Perry,NPOPCHG,-247.0
2013,Perry,NPOPCHG,33.0
2014,Perry,NPOPCHG,-68.0
2015,Perry,NPOPCHG,95.0
2016,Perry,NPOPCHG,-15.0
2017,Perry,NPOPCHG,-32.0
2018,Perry,NPOPCHG,51.0
2019,Perry,NPOPCHG,68.0
2020,Perry,NPOPCHG,58.0
2021,Perry,NPOPCHG,-42.0
2022,Perry,NPOPCHG,72.0
2023,Perry,NPOPCHG,103.0
2010,Pickaway,NPOPCHG,56.0
2011,Pickaway,NPOPCHG,181.0
2012,Pickaway,NPOPCHG,308.0
2013,Pickaway,NPOPCHG,148.0
2014,Pickaway,NPOPCHG,344.0
2015,Pickaway,NPOPCHG,222.0
2016,Pickaway,NPOPCHG,540.0
2017,Pickaway,NPOPCHG,168.0
2018,Pickaway,NPOPCHG,369.0
2019,Pickaway,NPOPCHG,310.0
2020,Pickaway,NPOPCHG,398.0
2021,Pickaway,NPOPCHG,55.0
2022,Pickaway,NPOPCHG,1258.0
2023,Pickaway,NPOPCHG,1155.0
2010,Ross,NPOPCHG,69.0
2011,Ross,NPOPCHG,-403.0
2012,Ross,NPOPCHG,-356.0
2013,Ross,NPOPCHG,31.0
2014,Ross,NPOPCHG,-247.0
2015,Ross,NPOPCHG,-11.0
2016,Ross,NPOPCHG,-196.0
2017,Ross,NPOPCHG,438.0
2018,Ross,NPOPCHG,-467.0
2019,Ross,NPOPCHG,-354.0
2020,Ross,NPOPCHG,-326.0
2021,Ross,NPOPCHG,-547.0
2022,Ross,NPOPCHG,12.0
2023,Ross,NPOPCHG,47.0
2010,Union,NPOPCHG,379.0
2011,Union,NPOPCHG,640.0
2012,Union,NPOPCHG,-358.0
2013,Union,NPOPCHG,635.0
2014,Union,NPOPCHG,389.0
2015,Union,NPOPCHG,603.0
2016,Union,NPOPCHG,1206.0
2017,Union,NPOPCHG,1192.0
2018,Union,NPOPCHG,988.0
2019,Union,NPOPCHG,1181.0
2020,Union,NPOPCHG,1231.0
2021,Union,NPOPCHG,2090.0
2022,Union,NPOPCHG,1740.0
2023,Union,NPOPCHG,2907.0
2010,15-County Region,RBIRTHS,13.596772224226704
2011,15-County Region,RBIRTHS,13.46377245793959
2012,15-County Region,RBIRTHS,13.505007487306624
2013,15-County Region,RBIRTHS,13.583779739770764
2014,15-County Region,RBIRTHS,13.487193614441557
2015,15-County Region,RBIRTHS,13.478617386362158
2016,15-County Region,RBIRTHS,13.228067494013002
2017,15-County Region,RBIRTHS,12.963229748396229
2018,15-County Region,RBIRTHS,12.70992574683406
2019,15-County Region,RBIRTHS,12.580038982749365
2020,15-County Region,RBIRTHS,11.88287137533822
2021,15-County Region,RBIRTHS,12.048028909004886
2022,15-County Region,RBIRTHS,11.9200105846417
2023,15-County Region,RBIRTHS,11.654932053888562
2010,Delaware,RBIRTHS,12.438677548129917
2011,Delaware,RBIRTHS,11.695185817906854
2012,Delaware,RBIRTHS,11.50573906706344
2013,Delaware,RBIRTHS,11.835149422807207
2014,Delaware,RBIRTHS,11.681798986486486
2015,Delaware,RBIRTHS,11.53621419817882
2016,Delaware,RBIRTHS,10.768778152010713
2017,Delaware,RBIRTHS,10.554089709762533
2018,Delaware,RBIRTHS,10.371006041220726
2019,Delaware,RBIRTHS,10.2640347648164
2020,Delaware,RBIRTHS,9.360214903841683
2021,Delaware,RBIRTHS,9.946583996890844
2022,Delaware,RBIRTHS,9.60596134660039
2023,Delaware,RBIRTHS,9.273169973579236
2010,Fairfield,RBIRTHS,11.21454475914682
2011,Fairfield,RBIRTHS,11.401470368407464
2012,Fairfield,RBIRTHS,11.11329861983286
2013,Fairfield,RBIRTHS,11.606494798247263
2014,Fairfield,RBIRTHS,10.62782654961426
2015,Fairfield,RBIRTHS,11.563330556547266
2016,Fairfield,RBIRTHS,10.989010989010987
2017,Fairfield,RBIRTHS,11.772235367130833
2018,Fairfield,RBIRTHS,11.020502365657576
2019,Fairfield,RBIRTHS,11.24551004607359
2020,Fairfield,RBIRTHS,10.298028197280615
2021,Fairfield,RBIRTHS,10.725207649696976
2022,Fairfield,RBIRTHS,10.696138835022952
2023,Fairfield,RBIRTHS,10.389453313981615
2010,Fayette,RBIRTHS,11.71848073343903
2011,Fayette,RBIRTHS,12.782762323760696
2012,Fayette,RBIRTHS,13.209580422011332
2013,Fayette,RBIRTHS,12.340514536707802
2014,Fayette,RBIRTHS,11.37870855148342
2015,Fayette,RBIRTHS,12.757331096431445
2016,Fayette,RBIRTHS,11.68468782699686
2017,Fayette,RBIRTHS,10.614895771500402
2018,Fayette,RBIRTHS,12.738631207901442
2019,Fayette,RBIRTHS,10.44697633654689
2020,Fayette,RBIRTHS,11.665228645383952
2021,Fayette,RBIRTHS,11.025091587751431
2022,Fayette,RBIRTHS,12.278024417314096
2023,Fayette,RBIRTHS,10.445223305687614
2010,Franklin,RBIRTHS,15.30695368383865
2011,Franklin,RBIRTHS,15.282859078590786
2012,Franklin,RBIRTHS,15.28716603630389
2013,Franklin,RBIRTHS,15.400228734951323
2014,Franklin,RBIRTHS,15.245945854281704
2015,Franklin,RBIRTHS,15.16161306074666
2016,Franklin,RBIRTHS,14.873082506179136
2017,Franklin,RBIRTHS,14.51165950089154
2018,Franklin,RBIRTHS,13.968056844929029
2019,Franklin,RBIRTHS,13.9357633456768
2020,Franklin,RBIRTHS,13.211611540264911
2021,Franklin,RBIRTHS,13.184083756279673
2022,Franklin,RBIRTHS,13.18347922798151
2023,Franklin,RBIRTHS,12.862134001174905
2010,Hocking,RBIRTHS,11.466178166768437
2011,Hocking,RBIRTHS,10.45272517477771
2012,Hocking,RBIRTHS,10.988260988260988
2013,Hocking,RBIRTHS,11.237915750532231
2014,Hocking,RBIRTHS,10.50690602929409
2015,Hocking,RBIRTHS,11.403508771929824
2016,Hocking,RBIRTHS,10.530764625083648
2017,Hocking,RBIRTHS,11.11267407511605
2018,Hocking,RBIRTHS,10.085693126917516
2019,Hocking,RBIRTHS,11.038777243136146
2020,Hocking,RBIRTHS,10.199714693295292
2021,Hocking,RBIRTHS,9.67937084089534
2022,Hocking,RBIRTHS,9.957581422100798
2023,Hocking,RBIRTHS,9.767610748002904
2010,Knox,RBIRTHS,12.16238336880013
2011,Knox,RBIRTHS,11.16133348563223
2012,Knox,RBIRTHS,12.688433941149365
2013,Knox,RBIRTHS,11.682934043182492
2014,Knox,RBIRTHS,11.62295081967213
2015,Knox,RBIRTHS,12.294880411796528
2016,Knox,RBIRTHS,12.625391978196983
2017,Knox,RBIRTHS,11.8000359060567
2018,Knox,RBIRTHS,12.568659127625205
2019,Knox,RBIRTHS,11.4726741760534
2020,Knox,RBIRTHS,11.40072926452558
2021,Knox,RBIRTHS,12.535375661544858
2022,Knox,RBIRTHS,11.424773719855688
2023,Knox,RBIRTHS,11.086544535691724
2010,Licking,RBIRTHS,11.943253051798086
2011,Licking,RBIRTHS,11.52760163671604
2012,Licking,RBIRTHS,11.659476457285384
2013,Licking,RBIRTHS,11.284510955057849
2014,Licking,RBIRTHS,12.313322708222657
2015,Licking,RBIRTHS,11.048525593308756
2016,Licking,RBIRTHS,12.215613426127808
2017,Licking,RBIRTHS,10.943628792111372
2018,Licking,RBIRTHS,11.436476039757268
2019,Licking,RBIRTHS,11.33086813447773
2020,Licking,RBIRTHS,10.336495435833184
2021,Licking,RBIRTHS,10.893173574194122
2022,Licking,RBIRTHS,10.40354303633813
2023,Licking,RBIRTHS,10.054530270031275
2010,Logan,RBIRTHS,12.220449030452746
2011,Logan,RBIRTHS,11.748460206474803
2012,Logan,RBIRTHS,11.825589077295753
2013,Logan,RBIRTHS,12.55700218095301
2014,Logan,RBIRTHS,11.69925010445759
2015,Logan,RBIRTHS,12.839779005524862
2016,Logan,RBIRTHS,11.101755007977308
2017,Logan,RBIRTHS,11.792557192796142
2018,Logan,RBIRTHS,12.485661342980675
2019,Logan,RBIRTHS,11.71396041338238
2020,Logan,RBIRTHS,10.53864168618267
2021,Logan,RBIRTHS,11.720611811603622
2022,Logan,RBIRTHS,10.789805045373628
2023,Logan,RBIRTHS,10.964674208046551
2010,Madison,RBIRTHS,9.623797025371829
2011,Madison,RBIRTHS,9.834392540706036
2012,Madison,RBIRTHS,9.88579004908004
2013,Madison,RBIRTHS,9.755872017754765
2014,Madison,RBIRTHS,9.777171441564349
2015,Madison,RBIRTHS,9.220870432044224
2016,Madison,RBIRTHS,9.544228508195587
2017,Madison,RBIRTHS,10.104221066733272
2018,Madison,RBIRTHS,9.709612741895514
2019,Madison,RBIRTHS,10.283695870872547
2020,Madison,RBIRTHS,9.87479760085749
2021,Madison,RBIRTHS,9.5660394345908
2022,Madison,RBIRTHS,10.853353525618962
2023,Madison,RBIRTHS,9.685664319985651
2010,Marion,RBIRTHS,12.203196003490929
2011,Marion,RBIRTHS,11.651826604003062
2012,Marion,RBIRTHS,11.919670473920062
2013,Marion,RBIRTHS,11.718513128373052
2014,Marion,RBIRTHS,10.77654998404037
2015,Marion,RBIRTHS,11.233207501031622
2016,Marion,RBIRTHS,11.654726808926634
2017,Marion,RBIRTHS,11.478886225336533
2018,Marion,RBIRTHS,11.26446268360157
2019,Marion,RBIRTHS,11.36834989937474
2020,Marion,RBIRTHS,10.445341652902671
2021,Marion,RBIRTHS,10.840606338998622
2022,Marion,RBIRTHS,11.36064634957978
2023,Marion,RBIRTHS,10.793973878583214
2010,Morrow,RBIRTHS,11.181373958033918
2011,Morrow,RBIRTHS,11.749497270899166
2012,Morrow,RBIRTHS,11.42561864844692
2013,Morrow,RBIRTHS,10.560753027607188
2014,Morrow,RBIRTHS,10.848098004980391
2015,Morrow,RBIRTHS,11.332741893941565
2016,Morrow,RBIRTHS,10.222782200332167
2017,Morrow,RBIRTHS,10.2832917991464
2018,Morrow,RBIRTHS,11.27787429157292
2019,Morrow,RBIRTHS,10.416666666666666
2020,Morrow,RBIRTHS,10.005717552887363
2021,Morrow,RBIRTHS,11.049566822894477
2022,Morrow,RBIRTHS,10.32940910119991
2023,Morrow,RBIRTHS,11.63084702907712
2010,Perry,RBIRTHS,12.32067042206621
2011,Perry,RBIRTHS,12.088761315963788
2012,Perry,RBIRTHS,10.86594041796354
2013,Perry,RBIRTHS,12.72222222222222
2014,Perry,RBIRTHS,11.996882480654678
2015,Perry,RBIRTHS,12.34464926182334
2016,Perry,RBIRTHS,11.389521640091116
2017,Perry,RBIRTHS,11.675747803847436
2018,Perry,RBIRTHS,11.32106884208774
2019,Perry,RBIRTHS,11.512702717662036
2020,Perry,RBIRTHS,11.736162049314451
2021,Perry,RBIRTHS,10.5741033160388
2022,Perry,RBIRTHS,10.741168842152746
2023,Perry,RBIRTHS,11.61711344265984
2010,Pickaway,RBIRTHS,11.338356655902404
2011,Pickaway,RBIRTHS,9.884178165439335
2012,Pickaway,RBIRTHS,11.149243380692427
2013,Pickaway,RBIRTHS,10.522580072753083
2014,Pickaway,RBIRTHS,10.863431151241535
2015,Pickaway,RBIRTHS,11.037217708680624
2016,Pickaway,RBIRTHS,10.496133460769832
2017,Pickaway,RBIRTHS,10.045029442327676
2018,Pickaway,RBIRTHS,10.968197393116036
2019,Pickaway,RBIRTHS,10.041569016542072
2020,Pickaway,RBIRTHS,10.791734860883798
2021,Pickaway,RBIRTHS,10.584531608950906
2022,Pickaway,RBIRTHS,10.515439865349045
2023,Pickaway,RBIRTHS,10.296958386537014
2010,Ross,RBIRTHS,10.230735742272527
2011,Ross,RBIRTHS,11.09807813768835
2012,Ross,RBIRTHS,10.718764950026507
2013,Ross,RBIRTHS,10.700930346906825
2014,Ross,RBIRTHS,11.64796679421493
2015,Ross,RBIRTHS,10.993004451712546
2016,Ross,RBIRTHS,10.8525921299188
2017,Ross,RBIRTHS,11.15207969467624
2018,Ross,RBIRTHS,11.042609645700017
2019,Ross,RBIRTHS,10.252263063157072
2020,Ross,RBIRTHS,9.669171566146218
2021,Ross,RBIRTHS,10.88888888888889
2022,Ross,RBIRTHS,9.253934229100226
2023,Ross,RBIRTHS,9.26785270780774
2010,Union,RBIRTHS,11.398292162244587
2011,Union,RBIRTHS,11.451172426782184
2012,Union,RBIRTHS,11.061444048791577
2013,Union,RBIRTHS,11.28452728497642
2014,Union,RBIRTHS,11.846093764528666
2015,Union,RBIRTHS,12.116643377215564
2016,Union,RBIRTHS,12.000503769273672
2017,Union,RBIRTHS,11.690552484242405
2018,Union,RBIRTHS,12.218337890692604
2019,Union,RBIRTHS,12.019393775005083
2020,Union,RBIRTHS,11.01688198462392
2021,Union,RBIRTHS,10.843854637053422
2022,Union,RBIRTHS,10.811053292661043
2023,Union,RBIRTHS,11.933311314387469
2010,15-County Region,RDEATHS,7.726467679027826
2011,15-County Region,RDEATHS,7.735606953026594
2012,15-County Region,RDEATHS,7.937039231869284
2013,15-County Region,RDEATHS,7.797997109550693
2014,15-County Region,RDEATHS,7.884564431990259
2015,15-County Region,RDEATHS,8.321799983513456
2016,15-County Region,RDEATHS,8.217364312596438
2017,15-County Region,RDEATHS,8.473937103293984
2018,15-County Region,RDEATHS,8.528830292269529
2019,15-County Region,RDEATHS,8.535964064886825
2020,15-County Region,RDEATHS,9.72741602146125
2021,15-County Region,RDEATHS,10.102325612066082
2022,15-County Region,RDEATHS,9.469649645901953
2023,15-County Region,RDEATHS,8.868545912155254
2010,Delaware,RDEATHS,5.202771003832118
2011,Delaware,RDEATHS,5.035427227154339
2012,Delaware,RDEATHS,5.460257167622718
2013,Delaware,RDEATHS,5.33498759305211
2014,Delaware,RDEATHS,5.442356418918919
2015,Delaware,RDEATHS,5.52766157680554
2016,Delaware,RDEATHS,5.797792476565353
2017,Delaware,RDEATHS,5.799770996166675
2018,Delaware,RDEATHS,6.026593073318673
2019,Delaware,RDEATHS,6.114438967955368
2020,Delaware,RDEATHS,6.855172285584154
2021,Delaware,RDEATHS,6.891658607568623
2022,Delaware,RDEATHS,6.745362563237774
2023,Delaware,RDEATHS,6.846949524253571
2010,Fairfield,RDEATHS,7.676704207844717
2011,Fairfield,RDEATHS,7.705165314525663
2012,Fairfield,RDEATHS,8.024385442054026
2013,Fairfield,RDEATHS,7.849673378316622
2014,Fairfield,RDEATHS,7.920989624900239
2015,Fairfield,RDEATHS,8.700596347865181
2016,Fairfield,RDEATHS,8.606640530404677
2017,Fairfield,RDEATHS,9.0311986863711
2018,Fairfield,RDEATHS,9.50750727648062
2019,Fairfield,RDEATHS,9.322603982890575
2020,Fairfield,RDEATHS,10.561436957503386
2021,Fairfield,RDEATHS,11.277286007605037
2022,Fairfield,RDEATHS,10.413854046491078
2023,Fairfield,RDEATHS,9.397677793904208
2010,Fayette,RDEATHS,11.511684014613635
2011,Fayette,RDEATHS,12.36706273599612
2012,Fayette,RDEATHS,11.923384433552334
2013,Fayette,RDEATHS,12.30565432615213
2014,Fayette,RDEATHS,12.25130890052356
2015,Fayette,RDEATHS,13.001992240746564
2016,Fayette,RDEATHS,12.69619811649808
2017,Fayette,RDEATHS,14.281224903104158
2018,Fayette,RDEATHS,12.284926534743308
2019,Fayette,RDEATHS,13.46187554776512
2020,Fayette,RDEATHS,13.66695427092321
2021,Fayette,RDEATHS,15.241584295292734
2022,Fayette,RDEATHS,14.671198668146504
2023,Fayette,RDEATHS,14.088905854183295
2010,Franklin,RDEATHS,7.23202326869616
2011,Franklin,RDEATHS,7.262025745257453
2012,Franklin,RDEATHS,7.2824622929081055
2013,Franklin,RDEATHS,7.286209120190865
2014,Franklin,RDEATHS,7.278162605118696
2015,Franklin,RDEATHS,7.663517805987978
2016,Franklin,RDEATHS,7.453411275452155
2017,Franklin,RDEATHS,7.745984206991841
2018,Franklin,RDEATHS,7.777789673150834
2019,Franklin,RDEATHS,7.71745106914265
2020,Franklin,RDEATHS,8.969066949754652
2021,Franklin,RDEATHS,9.010540890548118
2022,Franklin,RDEATHS,8.507789034068985
2023,Franklin,RDEATHS,8.045620758591408
2010,Hocking,RDEATHS,9.634303548408983
2011,Hocking,RDEATHS,10.792099368764
2012,Hocking,RDEATHS,10.647010647010648
2013,Hocking,RDEATHS,10.993613234216314
2014,Hocking,RDEATHS,10.646070347562883
2015,Hocking,RDEATHS,9.298245614035087
2016,Hocking,RDEATHS,10.671644419399149
2017,Hocking,RDEATHS,11.816007877338585
2018,Hocking,RDEATHS,12.695278061854216
2019,Hocking,RDEATHS,12.17095952448344
2020,Hocking,RDEATHS,13.944365192582026
2021,Hocking,RDEATHS,15.55104800540906
2022,Hocking,RDEATHS,14.379178948882018
2023,Hocking,RDEATHS,12.164124909222949
2010,Knox,RDEATHS,9.78883614339499
2011,Knox,RDEATHS,10.573894881125272
2012,Knox,RDEATHS,10.269238364821277
2013,Knox,RDEATHS,9.300338492885077
2014,Knox,RDEATHS,9.229508196721312
2015,Knox,RDEATHS,10.294913198144291
2016,Knox,RDEATHS,10.868672938317818
2017,Knox,RDEATHS,10.54332392159423
2018,Knox,RDEATHS,10.48465266558966
2019,Knox,RDEATHS,9.065819453804435
2020,Knox,RDEATHS,12.24463799500024
2021,Knox,RDEATHS,13.031034648162064
2022,Knox,RDEATHS,11.7096018735363
2023,Knox,RDEATHS,11.197094125078964
2010,Licking,RDEATHS,8.745988422662787
2011,Licking,RDEATHS,8.542509152688378
2012,Licking,RDEATHS,9.278651940163137
2013,Licking,RDEATHS,8.714183104694854
2014,Licking,RDEATHS,9.149400861814533
2015,Licking,RDEATHS,9.970048824518935
2016,Licking,RDEATHS,9.151535236899177
2017,Licking,RDEATHS,9.8204668897631
2018,Licking,RDEATHS,9.984857627543178
2019,Licking,RDEATHS,10.183080593909375
2020,Licking,RDEATHS,10.92379631286916
2021,Licking,RDEATHS,12.098588498008567
2022,Licking,RDEATHS,10.931697521525049
2023,Licking,RDEATHS,10.158241494314987
2010,Logan,RDEATHS,10.252934875281465
2011,Logan,RDEATHS,9.271639304736649
2012,Logan,RDEATHS,10.041841004184102
2013,Logan,RDEATHS,10.574317626065692
2014,Logan,RDEATHS,10.97354474083522
2015,Logan,RDEATHS,11.292817679558013
2016,Logan,RDEATHS,11.146073391242687
2017,Logan,RDEATHS,11.150935882118675
2018,Logan,RDEATHS,11.22827141974764
2019,Logan,RDEATHS,11.01331231389035
2020,Logan,RDEATHS,12.403504206782896
2021,Logan,RDEATHS,13.518783309502144
2022,Logan,RDEATHS,11.940428118622728
2023,Logan,RDEATHS,11.811451028073908
2010,Madison,RDEATHS,8.794953262421146
2011,Madison,RDEATHS,8.46592754093798
2012,Madison,RDEATHS,9.443837082179993
2013,Madison,RDEATHS,9.177917514333272
2014,Madison,RDEATHS,8.549340609367896
2015,Madison,RDEATHS,9.583361652959969
2016,Madison,RDEATHS,10.328054037854162
2017,Madison,RDEATHS,10.104221066733272
2018,Madison,RDEATHS,9.123882042848454
2019,Madison,RDEATHS,9.814222798506629
2020,Madison,RDEATHS,10.787019088234624
2021,Madison,RDEATHS,12.537138741334294
2022,Madison,RDEATHS,10.46327528051215
2023,Madison,RDEATHS,10.246177301466302
2010,Marion,RDEATHS,9.855848806765175
2011,Marion,RDEATHS,9.65479962161594
2012,Marion,RDEATHS,10.742791617001371
2013,Marion,RDEATHS,10.687647807895216
2014,Marion,RDEATHS,11.141341520876717
2015,Marion,RDEATHS,11.584722837798598
2016,Marion,RDEATHS,12.021323720347656
2017,Marion,RDEATHS,11.724752596963553
2018,Marion,RDEATHS,12.074525807388383
2019,Marion,RDEATHS,12.505184889312217
2020,Marion,RDEATHS,12.876980485716032
2021,Marion,RDEATHS,14.301025876588575
2022,Marion,RDEATHS,13.450138525592411
2023,Marion,RDEATHS,12.952768654299856
2010,Morrow,RDEATHS,8.738143144581777
2011,Morrow,RDEATHS,8.962941683424303
2012,Morrow,RDEATHS,8.55486019406327
2013,Morrow,RDEATHS,8.4658210411525
2014,Morrow,RDEATHS,9.159343961988723
2015,Morrow,RDEATHS,10.016312279998855
2016,Morrow,RDEATHS,9.191913407021362
2017,Morrow,RDEATHS,10.05413766434648
2018,Morrow,RDEATHS,8.885597926693817
2019,Morrow,RDEATHS,9.680706521739127
2020,Morrow,RDEATHS,10.863350485991996
2021,Morrow,RDEATHS,11.816503337594092
2022,Morrow,RDEATHS,11.093502377179082
2023,Morrow,RDEATHS,10.591375193145105
2010,Perry,RDEATHS,8.713266920109888
2011,Perry,RDEATHS,9.494369618017222
2012,Perry,RDEATHS,9.476433970653623
2013,Perry,RDEATHS,9.0
2014,Perry,RDEATHS,10.187607860602348
2015,Perry,RDEATHS,9.119470625851475
2016,Perry,RDEATHS,10.056114228568257
2017,Perry,RDEATHS,10.174580229067052
2018,Perry,RDEATHS,9.989178390077416
2019,Perry,RDEATHS,10.903857862401065
2020,Perry,RDEATHS,12.582519889409244
2021,Perry,RDEATHS,13.845025941800136
2022,Perry,RDEATHS,12.291731273434635
2023,Perry,RDEATHS,12.460971561981378
2010,Pickaway,RDEATHS,8.970218873340508
2011,Pickaway,RDEATHS,8.758132551655109
2012,Pickaway,RDEATHS,9.442182193217988
2013,Pickaway,RDEATHS,8.925561174696123
2014,Pickaway,RDEATHS,8.888261851015802
2015,Pickaway,RDEATHS,9.8615522293776
2016,Pickaway,RDEATHS,10.478755756364585
2017,Pickaway,RDEATHS,11.534464842396952
2018,Pickaway,RDEATHS,10.589389947827884
2019,Pickaway,RDEATHS,10.99953812203842
2020,Pickaway,RDEATHS,12.257910529187123
2021,Pickaway,RDEATHS,13.051986726793158
2022,Pickaway,RDEATHS,11.881947106170948
2023,Pickaway,RDEATHS,10.296958386537014
2010,Ross,RDEATHS,10.371584419575406
2011,Ross,RDEATHS,10.376251917350896
2012,Ross,RDEATHS,11.003219508410805
2013,Ross,RDEATHS,9.859865688443772
2014,Ross,RDEATHS,10.532459952007263
2015,Ross,RDEATHS,11.291515788653973
2016,Ross,RDEATHS,11.568290651676037
2017,Ross,RDEATHS,10.492269875153632
2018,Ross,RDEATHS,11.770979657666096
2019,Ross,RDEATHS,12.11749667388412
2020,Ross,RDEATHS,14.21173538916793
2021,Ross,RDEATHS,14.980392156862743
2022,Ross,RDEATHS,14.874261515135672
2023,Ross,RDEATHS,12.339707977673491
2010,Union,RDEATHS,6.080359865812748
2011,Union,RDEATHS,6.13993784725492
2012,Union,RDEATHS,6.3262368361239485
2013,Union,RDEATHS,6.680889288120368
2014,Union,RDEATHS,6.676212969334052
2015,Union,RDEATHS,7.207472236522762
2016,Union,RDEATHS,6.602975837066623
2017,Union,RDEATHS,7.042501496531568
2018,Union,RDEATHS,7.234086739815168
2019,Union,RDEATHS,7.170950023733641
2020,Union,RDEATHS,7.735594832369026
2021,Union,RDEATHS,7.572266764967899
2022,Union,RDEATHS,8.13445780250015
2023,Union,RDEATHS,6.620043942157187
2010,15-County Region,RNETMIG,2.1145351886733352
2011,15-County Region,RNETMIG,3.2366537324405527
2012,15-County Region,RNETMIG,3.0605180146888693
2013,15-County Region,RNETMIG,6.169399865467567
2014,15-County Region,RNETMIG,6.300106507858245
2015,15-County Region,RNETMIG,5.877886772151625
2016,15-County Region,RNETMIG,5.284615325169779
2017,15-County Region,RNETMIG,8.36377041261663
2018,15-County Region,RNETMIG,4.850171466468547
2019,15-County Region,RNETMIG,3.20343388116635
2020,15-County Region,RNETMIG,1.4713738519857351
2021,15-County Region,RNETMIG,-0.2345064977670365
2022,15-County Region,RNETMIG,4.634467345520144
2023,15-County Region,RNETMIG,4.634084568079658
2010,Delaware,RNETMIG,13.637999074809107
2011,Delaware,RNETMIG,12.652981208166466
2012,Delaware,RNETMIG,7.723862262390477
2013,Delaware,RNETMIG,16.344805264861368
2014,Delaware,RNETMIG,14.658994932432432
2015,Delaware,RNETMIG,14.576686608994214
2016,Delaware,RNETMIG,13.67528304183744
2017,Delaware,RNETMIG,13.551052919798874
2018,Delaware,RNETMIG,15.973397174912598
2019,Delaware,RNETMIG,15.41756502865994
2020,Delaware,RNETMIG,16.396642592231114
2021,Delaware,RNETMIG,25.63245089975687
2022,Delaware,RNETMIG,20.30230525414301
2023,Delaware,RNETMIG,19.003954480305307
2010,Fairfield,RNETMIG,2.7319232056386893
2011,Fairfield,RNETMIG,1.807384456493674
2012,Fairfield,RNETMIG,-2.7223168885479394
2013,Fairfield,RNETMIG,6.445065727573322
2014,Fairfield,RNETMIG,7.521947326416599
2015,Fairfield,RNETMIG,3.259417932748886
2016,Fairfield,RNETMIG,7.20601613990536
2017,Fairfield,RNETMIG,10.091410987419676
2018,Fairfield,RNETMIG,5.8917054531933175
2019,Fairfield,RNETMIG,8.110475078375874
2020,Fairfield,RNETMIG,13.045005268175204
2021,Fairfield,RNETMIG,11.122207817181422
2022,Fairfield,RNETMIG,11.7945948599622
2023,Fairfield,RNETMIG,13.90904692791485
2010,Fayette,RNETMIG,0.2757289584338595
2011,Fayette,RNETMIG,-5.438736273253196
2012,Fayette,RNETMIG,-4.623353147703966
2013,Fayette,RNETMIG,-2.265913686118664
2014,Fayette,RNETMIG,-0.5235602094240838
2015,Fayette,RNETMIG,-0.803886617035406
2016,Fayette,RNETMIG,2.197418904778514
2017,Fayette,RNETMIG,1.9553755368553367
2018,Fayette,RNETMIG,0.9772100652636724
2019,Fayette,RNETMIG,-5.153374233128835
2020,Fayette,RNETMIG,4.003451251078515
2021,Fayette,RNETMIG,1.1750881316098707
2022,Fayette,RNETMIG,1.005826859045505
2023,Fayette,RNETMIG,2.2209112676545093
2010,Franklin,RNETMIG,1.028981257106402
2011,Franklin,RNETMIG,4.507113821138211
2012,Franklin,RNETMIG,7.28996826641202
2013,Franklin,RNETMIG,8.325689691667256
2014,Franklin,RNETMIG,7.668193952979823
2015,Franklin,RNETMIG,7.750205585237946
2016,Franklin,RNETMIG,5.873121738789282
2017,Franklin,RNETMIG,9.162414801892693
2018,Franklin,RNETMIG,2.798046643796962
2019,Franklin,RNETMIG,0.4769296665441433
2020,Franklin,RNETMIG,-3.545646804953939
2021,Franklin,RNETMIG,-9.419696875384297
2022,Franklin,RNETMIG,-0.1392114879740945
2023,Franklin,RNETMIG,-1.9056409838748236
2010,Hocking,RNETMIG,9.227220299884658
2011,Hocking,RNETMIG,-0.475123871580805
2012,Hocking,RNETMIG,-5.937755937755938
2013,Hocking,RNETMIG,-23.662443723170348
2014,Hocking,RNETMIG,2.957241763211913
2015,Hocking,RNETMIG,-9.333333333333334
2016,Hocking,RNETMIG,-4.93079280104251
2017,Hocking,RNETMIG,2.848501899001266
2018,Hocking,RNETMIG,-2.0100856931269178
2019,Hocking,RNETMIG,-1.7336541183130485
2020,Hocking,RNETMIG,-2.425106990014265
2021,Hocking,RNETMIG,7.544215508344899
2022,Hocking,RNETMIG,-4.169961895175785
2023,Hocking,RNETMIG,-5.555555555555555
2010,Knox,RNETMIG,6.08937633000491
2011,Knox,RNETMIG,2.1702592888729337
2012,Knox,RNETMIG,-10.43380949246264
2013,Knox,RNETMIG,-0.2957704821058858
2014,Knox,RNETMIG,0.4918032786885246
2015,Knox,RNETMIG,-2.295044343535352
2016,Knox,RNETMIG,-3.497020144806186
2017,Knox,RNETMIG,4.994206068123583
2018,Knox,RNETMIG,7.835218093699516
2019,Knox,RNETMIG,5.0383492185745
2020,Knox,RNETMIG,3.1208700221327006
2021,Knox,RNETMIG,-3.197799913659402
2022,Knox,RNETMIG,10.823469839863282
2023,Knox,RNETMIG,1.3581806696146557
2010,Licking,RNETMIG,2.447437089469422
2011,Licking,RNETMIG,-0.1974109257974205
2012,Licking,RNETMIG,0.0358018724379285
2013,Licking,RNETMIG,2.6949857830595803
2014,Licking,RNETMIG,3.122601971548314
2015,Licking,RNETMIG,5.239990387489669
2016,Licking,RNETMIG,5.878146203624566
2017,Licking,RNETMIG,7.337991095342047
2018,Licking,RNETMIG,9.882390445504535
2019,Licking,RNETMIG,5.331840644118013
2020,Licking,RNETMIG,4.631286916055128
2021,Licking,RNETMIG,7.449130934724283
2022,Licking,RNETMIG,11.014221659835504
2023,Licking,RNETMIG,7.822009705187199
2010,Logan,RNETMIG,-6.99560588505345
2011,Logan,RNETMIG,-5.611204874734235
2012,Logan,RNETMIG,-6.540409601409381
2013,Logan,RNETMIG,-2.202982838763686
2014,Logan,RNETMIG,0.2638928594990434
2015,Logan,RNETMIG,-5.259668508287293
2016,Logan,RNETMIG,-3.722744194291792
2017,Logan,RNETMIG,1.946988804814372
2018,Logan,RNETMIG,1.1691520338833494
2019,Logan,RNETMIG,6.393413907864775
2020,Logan,RNETMIG,-5.5512186659727645
2021,Logan,RNETMIG,1.9064950821092768
2022,Logan,RNETMIG,0.5644566019712561
2023,Logan,RNETMIG,0.2171222615454762
2010,Madison,RNETMIG,2.762812543168946
2011,Madison,RNETMIG,-8.697870761237649
2012,Madison,RNETMIG,-4.1869228443162525
2013,Madison,RNETMIG,6.866099500647309
2014,Madison,RNETMIG,14.938608458390178
2015,Madison,RNETMIG,3.217109585627223
2016,Madison,RNETMIG,-17.267215344537426
2017,Madison,RNETMIG,15.258509116505076
2018,Madison,RNETMIG,7.434274257135776
2019,Madison,RNETMIG,6.594978873711743
2020,Madison,RNETMIG,-0.2736664462131405
2021,Madison,RNETMIG,15.148104798775549
2022,Madison,RNETMIG,-18.884376218994515
2023,Madison,RNETMIG,23.272498991076635
2010,Marion,RNETMIG,-2.7686659243431944
2011,Marion,RNETMIG,-0.6456553401702728
2012,Marion,RNETMIG,-6.065452570273247
2013,Marion,RNETMIG,-5.760717967376145
2014,Marion,RNETMIG,-3.571917131522549
2015,Marion,RNETMIG,-5.028197643318916
2016,Marion,RNETMIG,0.6568194662959965
2017,Marion,RNETMIG,-5.147827155940747
2018,Marion,RNETMIG,5.334189249086768
2019,Marion,RNETMIG,-5.161845359716098
2020,Marion,RNETMIG,2.752798678656634
2021,Marion,RNETMIG,1.056499770326137
2022,Marion,RNETMIG,-7.460260954356205
2023,Marion,RNETMIG,5.53576660344482
2010,Morrow,RNETMIG,-3.7941937338315608
2011,Morrow,RNETMIG,-1.0916403332375753
2012,Morrow,RNETMIG,-2.468852270769937
2013,Morrow,RNETMIG,-1.836652700453424
2014,Morrow,RNETMIG,0.5152130978618656
2015,Morrow,RNETMIG,-0.8871590876570415
2016,Morrow,RNETMIG,-1.7467498997766453
2017,Morrow,RNETMIG,-1.117126407149609
2018,Morrow,RNETMIG,3.9301683137299577
2019,Morrow,RNETMIG,4.274230072463768
2020,Morrow,RNETMIG,1.37221269296741
2021,Morrow,RNETMIG,6.845618520096577
2022,Morrow,RNETMIG,5.292053429929817
2023,Morrow,RNETMIG,7.866273352999017
2010,Perry,RNETMIG,-0.3329910924882759
2011,Perry,RNETMIG,1.655994700816957
2012,Perry,RNETMIG,-8.253668297020898
2013,Perry,RNETMIG,-2.805555555555556
2014,Perry,RNETMIG,-3.702054222568613
2015,Perry,RNETMIG,-0.5838685461673201
2016,Perry,RNETMIG,-1.750097227623757
2017,Perry,RNETMIG,-2.390748359835428
2018,Perry,RNETMIG,0.0832431532506451
2019,Perry,RNETMIG,1.273039242818398
2020,Perry,RNETMIG,2.482649664278057
2021,Perry,RNETMIG,2.0866230543649897
2022,Perry,RNETMIG,3.5803896140509157
2023,Perry,RNETMIG,3.741104328992152
2010,Pickaway,RNETMIG,-1.363473268747757
2011,Pickaway,RNETMIG,2.109101308357761
2012,Pickaway,RNETMIG,3.769760122339385
2013,Pickaway,RNETMIG,1.0291899565255966
2014,Pickaway,RNETMIG,4.091422121896162
2015,Pickaway,RNETMIG,2.719823123760726
2016,Pickaway,RNETMIG,9.366582674428708
2017,Pickaway,RNETMIG,4.399030135088327
2018,Pickaway,RNETMIG,5.974826523408579
2019,Pickaway,RNETMIG,6.261012368065416
2020,Pickaway,RNETMIG,8.251500272776868
2021,Pickaway,RNETMIG,3.4033863694375905
2022,Pickaway,RNETMIG,22.3307280817238
2023,Pickaway,RNETMIG,18.90776937432472
2010,Ross,RNETMIG,1.0243540167481882
2011,Ross,RNETMIG,-5.916397055980201
2012,Ross,RNETMIG,-4.3185373863797984
2013,Ross,RNETMIG,-0.4399415136575961
2014,Ross,RNETMIG,-4.319346261106428
2015,Ross,RNETMIG,0.1557450453607444
2016,Ross,RNETMIG,-1.834790755777639
2017,Ross,RNETMIG,5.00679215990685
2018,Ross,RNETMIG,-5.345715623536757
2019,Ross,RNETMIG,-2.752197845198654
2020,Ross,RNETMIG,0.3114900907214889
2021,Ross,RNETMIG,-3.0588235294117645
2022,Ross,RNETMIG,5.777173628901553
2023,Ross,RNETMIG,3.686226323838904
2010,Union,RNETMIG,1.906068923452272
2011,Union,RNETMIG,6.742631132875036
2012,Union,RNETMIG,-11.516023941207669
2013,Union,RNETMIG,7.279736507223594
2014,Union,RNETMIG,2.064232979376267
2015,Union,RNETMIG,6.17783334559094
2016,Union,RNETMIG,16.300534355265288
2017,Union,RNETMIG,16.33860347195324
2018,Union,RNETMIG,12.114499325049325
2019,Union,RNETMIG,15.172577473384417
2020,Union,RNETMIG,16.23206784497107
2021,Union,RNETMIG,28.829908149786505
2022,Union,RNETMIG,23.34170703989473
2023,Union,RNETMIG,36.43178195499519
2010,15-County Region,RNATINC,5.870304545198876
2011,15-County Region,RNATINC,5.7281655049129965
2012,15-County Region,RNATINC,5.567968255437339
2013,15-County Region,RNATINC,5.785782630220069
2014,15-County Region,RNATINC,5.602629182451295
2015,15-County Region,RNATINC,5.156817402848701
2016,15-County Region,RNATINC,5.010703181416564
2017,15-County Region,RNATINC,4.489292645102244
2018,15-County Region,RNATINC,4.181095454564535
2019,15-County Region,RNATINC,4.044074917862539
2020,15-County Region,RNATINC,2.1554553538769707
2021,15-County Region,RNATINC,1.945703296938804
2022,15-County Region,RNATINC,2.450360938739748
2023,15-County Region,RNATINC,2.786386141733308
2010,Delaware,RNATINC,7.235906544297798
2011,Delaware,RNATINC,6.659758590752514
2012,Delaware,RNATINC,6.045481899440723
2013,Delaware,RNATINC,6.500161829755098
2014,Delaware,RNATINC,6.239442567567568
2015,Delaware,RNATINC,6.008552621373281
2016,Delaware,RNATINC,4.97098567544536
2017,Delaware,RNATINC,4.754318713595858
2018,Delaware,RNATINC,4.344412967902053
2019,Delaware,RNATINC,4.149595796861032
2020,Delaware,RNATINC,2.5050426182575314
2021,Delaware,RNATINC,3.0549253893222224
2022,Delaware,RNATINC,2.860598783362616
2023,Delaware,RNATINC,2.4262204493256663
2010,Fairfield,RNATINC,3.5378405513021027
2011,Fairfield,RNATINC,3.6963050538818
2012,Fairfield,RNATINC,3.088913177778834
2013,Fairfield,RNATINC,3.756821419930644
2014,Fairfield,RNATINC,2.70683692471402
2015,Fairfield,RNATINC,2.8627342086820846
2016,Fairfield,RNATINC,2.3823704586063137
2017,Fairfield,RNATINC,2.7410366807597324
2018,Fairfield,RNATINC,1.5129950891769564
2019,Fairfield,RNATINC,1.9229060631830124
2020,Fairfield,RNATINC,-0.2634087602227685
2021,Fairfield,RNATINC,-0.5520783579080573
2022,Fairfield,RNATINC,0.2822847885318736
2023,Fairfield,RNATINC,0.9917755200774068
2010,Fayette,RNATINC,0.2067967188253946
2011,Fayette,RNATINC,0.4156995877645754
2012,Fayette,RNATINC,1.2861959884589982
2013,Fayette,RNATINC,0.0348602105556717
2014,Fayette,RNATINC,-0.8726003490401396
2015,Fayette,RNATINC,-0.2446611443151235
2016,Fayette,RNATINC,-1.011510289501221
2017,Fayette,RNATINC,-3.666329131603757
2018,Fayette,RNATINC,0.4537046731581335
2019,Fayette,RNATINC,-3.01489921121823
2020,Fayette,RNATINC,-2.0017256255392577
2021,Fayette,RNATINC,-4.216492707541301
2022,Fayette,RNATINC,-2.3931742508324083
2023,Fayette,RNATINC,-3.64368254849568
2010,Franklin,RNATINC,8.074930415142488
2011,Franklin,RNATINC,8.020833333333334
2012,Franklin,RNATINC,8.004703743395785
2013,Franklin,RNATINC,8.11401961476046
2014,Franklin,RNATINC,7.9677832491630065
2015,Franklin,RNATINC,7.498095254758682
2016,Franklin,RNATINC,7.41967123072698
2017,Franklin,RNATINC,6.7656752938997
2018,Franklin,RNATINC,6.190267171778193
2019,Franklin,RNATINC,6.2183122765341485
2020,Franklin,RNATINC,4.242544590510261
2021,Franklin,RNATINC,4.173542865731554
2022,Franklin,RNATINC,4.675690193912524
2023,Franklin,RNATINC,4.816513242583497
2010,Hocking,RNATINC,1.8318746183594543
2011,Hocking,RNATINC,-0.3393741939862892
2012,Hocking,RNATINC,0.3412503412503412
2013,Hocking,RNATINC,0.244302516315918
2014,Hocking,RNATINC,-0.1391643182687958
2015,Hocking,RNATINC,2.1052631578947367
2016,Hocking,RNATINC,-0.1408797943155003
2017,Hocking,RNATINC,-0.7033338022225348
2018,Hocking,RNATINC,-2.6095849349367
2019,Hocking,RNATINC,-1.132182281347297
2020,Hocking,RNATINC,-3.744650499286733
2021,Hocking,RNATINC,-5.871677164513718
2022,Hocking,RNATINC,-4.421597526781221
2023,Hocking,RNATINC,-2.396514161220044
2010,Knox,RNATINC,2.37354722540514
2011,Knox,RNATINC,0.5874386045069595
2012,Knox,RNATINC,2.419195576328089
2013,Knox,RNATINC,2.3825955502974137
2014,Knox,RNATINC,2.39344262295082
2015,Knox,RNATINC,1.9999672136522355
2016,Knox,RNATINC,1.756719039879164
2017,Knox,RNATINC,1.25671198446247
2018,Knox,RNATINC,2.0840064620355414
2019,Knox,RNATINC,2.406854722248965
2020,Knox,RNATINC,-0.8439087304746589
2021,Knox,RNATINC,-0.4956589866172073
2022,Knox,RNATINC,-0.2848281536806127
2023,Knox,RNATINC,-0.1105495893872394
2010,Licking,RNATINC,3.197264629135298
2011,Licking,RNATINC,2.985092484027662
2012,Licking,RNATINC,2.380824517122245
2013,Licking,RNATINC,2.570327850362992
2014,Licking,RNATINC,3.1639218464081225
2015,Licking,RNATINC,1.0784767687898202
2016,Licking,RNATINC,3.0640781892286317
2017,Licking,RNATINC,1.1231619023482724
2018,Licking,RNATINC,1.451618412214088
2019,Licking,RNATINC,1.1477875405683529
2020,Licking,RNATINC,-0.5873008770359764
2021,Licking,RNATINC,-1.205414923814444
2022,Licking,RNATINC,-0.5281544851869172
2023,Licking,RNATINC,-0.1037112242837102
2010,Logan,RNATINC,1.967514155171283
2011,Logan,RNATINC,2.4768209017381584
2012,Logan,RNATINC,1.7837480731116495
2013,Logan,RNATINC,1.982684554887317
2014,Logan,RNATINC,0.7257053636223694
2015,Logan,RNATINC,1.5469613259668509
2016,Logan,RNATINC,-0.0443183832653784
2017,Logan,RNATINC,0.6416213106774636
2018,Logan,RNATINC,1.2573899232330363
2019,Logan,RNATINC,0.7006480994920302
2020,Logan,RNATINC,-1.8648625206002256
2021,Logan,RNATINC,-1.7981714978985224
2022,Logan,RNATINC,-1.1506230732490992
2023,Logan,RNATINC,-0.8467768200273573
2010,Madison,RNATINC,0.8288437629506838
2011,Madison,RNATINC,1.368464999768057
2012,Madison,RNATINC,0.4419529669000488
2013,Madison,RNATINC,0.5779545034214907
2014,Madison,RNATINC,1.227830832196453
2015,Madison,RNATINC,-0.3624912209157434
2016,Madison,RNATINC,-0.7838255296585748
2017,Madison,RNATINC,0.0
2018,Madison,RNATINC,0.5857306990470612
2019,Madison,RNATINC,0.4694730723659207
2020,Madison,RNATINC,-0.9122214873771352
2021,Madison,RNATINC,-2.971099306743495
2022,Madison,RNATINC,0.3900782451068125
2023,Madison,RNATINC,-0.5605129814806511
2010,Marion,RNATINC,2.347347196725752
2011,Marion,RNATINC,1.9970269823871227
2012,Marion,RNATINC,1.1768788569186897
2013,Marion,RNATINC,1.0308653204778364
2014,Marion,RNATINC,-0.3647915368363454
2015,Marion,RNATINC,-0.3515153367669759
2016,Marion,RNATINC,-0.3665969114210213
2017,Marion,RNATINC,-0.2458663716270207
2018,Marion,RNATINC,-0.8100631237868158
2019,Marion,RNATINC,-1.136834989937474
2020,Marion,RNATINC,-2.43163883281336
2021,Marion,RNATINC,-3.460419537589956
2022,Marion,RNATINC,-2.08949217601263
2023,Marion,RNATINC,-2.158794775716643
2010,Morrow,RNATINC,2.443230813452141
2011,Morrow,RNATINC,2.7865555874748638
2012,Morrow,RNATINC,2.870758454383648
2013,Morrow,RNATINC,2.0949319864546867
2014,Morrow,RNATINC,1.6887540429916708
2015,Morrow,RNATINC,1.3164296139427067
2016,Morrow,RNATINC,1.030868793310807
2017,Morrow,RNATINC,0.2291541347999197
2018,Morrow,RNATINC,2.392276364879105
2019,Morrow,RNATINC,0.7359601449275361
2020,Morrow,RNATINC,-0.8576329331046313
2021,Morrow,RNATINC,-0.7669365146996165
2022,Morrow,RNATINC,-0.7640932759791714
2023,Morrow,RNATINC,1.039471835932013
2010,Perry,RNATINC,3.607403501956323
2011,Perry,RNATINC,2.5943916979465667
2012,Perry,RNATINC,1.3895064473099157
2013,Perry,RNATINC,3.7222222222222223
2014,Perry,RNATINC,1.8092746200523295
2015,Perry,RNATINC,3.2251786359718637
2016,Perry,RNATINC,1.3334074115228625
2017,Perry,RNATINC,1.5011675747803848
2018,Perry,RNATINC,1.331890452010322
2019,Perry,RNATINC,0.608844855260973
2020,Perry,RNATINC,-0.8463578400947921
2021,Perry,RNATINC,-3.270922625761336
2022,Perry,RNATINC,-1.5505624312818924
2023,Perry,RNATINC,-0.843858119321538
2010,Pickaway,RNATINC,2.3681377825618943
2011,Pickaway,RNATINC,1.1260456137842283
2012,Pickaway,RNATINC,1.7070611874744386
2013,Pickaway,RNATINC,1.5970188980569604
2014,Pickaway,RNATINC,1.9751693002257336
2015,Pickaway,RNATINC,1.1756654793030237
2016,Pickaway,RNATINC,0.017377704405248
2017,Pickaway,RNATINC,-1.489435400069276
2018,Pickaway,RNATINC,0.3788074452881519
2019,Pickaway,RNATINC,-0.9579691054963476
2020,Pickaway,RNATINC,-1.466175668303328
2021,Pickaway,RNATINC,-2.467455117842253
2022,Pickaway,RNATINC,-1.366507240821904
2023,Pickaway,RNATINC,0.0
2010,Ross,RNATINC,-0.1408486773028758
2011,Ross,RNATINC,0.7218262203374537
2012,Ross,RNATINC,-0.2844545583842981
2013,Ross,RNATINC,0.8410646584630513
2014,Ross,RNATINC,1.115506842207666
2015,Ross,RNATINC,-0.2985113369414268
2016,Ross,RNATINC,-0.715698521757235
2017,Ross,RNATINC,0.6598098195226082
2018,Ross,RNATINC,-0.7283700119660788
2019,Ross,RNATINC,-1.86523361072705
2020,Ross,RNATINC,-4.542563823021713
2021,Ross,RNATINC,-4.091503267973856
2022,Ross,RNATINC,-5.620327286035447
2023,Ross,RNATINC,-3.071855269865753
2010,Union,RNATINC,5.317932296431839
2011,Union,RNATINC,5.311234579527262
2012,Union,RNATINC,4.735207212667627
2013,Union,RNATINC,4.603637996856052
2014,Union,RNATINC,5.169880795194614
2015,Union,RNATINC,4.9091711406928
2016,Union,RNATINC,5.397527932207049
2017,Union,RNATINC,4.6480509877108345
2018,Union,RNATINC,4.984251150877436
2019,Union,RNATINC,4.848443751271445
2020,Union,RNATINC,3.2812871522548943
2021,Union,RNATINC,3.2715878720855223
2022,Union,RNATINC,2.676595490160895
2023,Union,RNATINC,5.31326737223028
2010,15-County Region,RPOPCHG,7.984839733872211
2011,15-County Region,RPOPCHG,8.964819237353549
2012,15-County Region,RPOPCHG,8.628486270126208
2013,15-County Region,RPOPCHG,11.955182495687636
2014,15-County Region,RPOPCHG,11.90273569030954
2015,15-County Region,RPOPCHG,11.034704175000329
2016,15-County Region,RPOPCHG,10.295318506586344
2017,15-County Region,RPOPCHG,12.853063057718872
2018,15-County Region,RPOPCHG,9.03126692103308
2019,15-County Region,RPOPCHG,7.247508799028889
2020,15-County Region,RPOPCHG,3.6268292058627054
2021,15-County Region,RPOPCHG,1.7111967991717676
2022,15-County Region,RPOPCHG,7.084828284259892
2023,15-County Region,RPOPCHG,7.420470709812966
2010,Delaware,RPOPCHG,20.873905619106907
2011,Delaware,RPOPCHG,19.31273979891898
2012,Delaware,RPOPCHG,13.7693441618312
2013,Delaware,RPOPCHG,22.844967094616464
2014,Delaware,RPOPCHG,20.8984375
2015,Delaware,RPOPCHG,20.585239230367492
2016,Delaware,RPOPCHG,18.6462687172828
2017,Delaware,RPOPCHG,18.30537163339473
2018,Delaware,RPOPCHG,20.31781014281465
2019,Delaware,RPOPCHG,19.56716082552097
2020,Delaware,RPOPCHG,18.901685210488647
2021,Delaware,RPOPCHG,28.687376289079094
2022,Delaware,RPOPCHG,23.162904037505623
2023,Delaware,RPOPCHG,21.43017492963097
2010,Fairfield,RPOPCHG,6.269763756940792
2011,Fairfield,RPOPCHG,5.503689510375474
2012,Fairfield,RPOPCHG,0.3665962892308946
2013,Fairfield,RPOPCHG,10.201887147503966
2014,Fairfield,RPOPCHG,10.22878425113062
2015,Fairfield,RPOPCHG,6.122152141430971
2016,Fairfield,RPOPCHG,9.588386598511674
2017,Fairfield,RPOPCHG,12.832447668179409
2018,Fairfield,RPOPCHG,7.404700542370273
2019,Fairfield,RPOPCHG,10.033381141558886
2020,Fairfield,RPOPCHG,12.781596507952436
2021,Fairfield,RPOPCHG,10.570129459273366
2022,Fairfield,RPOPCHG,12.076879648494073
2023,Fairfield,RPOPCHG,14.900822447992258
2010,Fayette,RPOPCHG,0.4825256772592541
2011,Fayette,RPOPCHG,-5.02303668548862
2012,Fayette,RPOPCHG,-3.3371571592449683
2013,Fayette,RPOPCHG,-2.2310534755629923
2014,Fayette,RPOPCHG,-1.3961605584642234
2015,Fayette,RPOPCHG,-1.0485477613505294
2016,Fayette,RPOPCHG,1.1859086152772933
2017,Fayette,RPOPCHG,-1.71095359474842
2018,Fayette,RPOPCHG,1.4309147384218055
2019,Fayette,RPOPCHG,-8.168273444347065
2020,Fayette,RPOPCHG,2.0017256255392577
2021,Fayette,RPOPCHG,-3.04140457593143
2022,Fayette,RPOPCHG,-1.3873473917869037
2023,Fayette,RPOPCHG,-1.42277128084117
2010,Franklin,RPOPCHG,9.10391167224889
2011,Franklin,RPOPCHG,12.527947154471546
2012,Franklin,RPOPCHG,15.294672009807805
2013,Franklin,RPOPCHG,16.439709306427716
2014,Franklin,RPOPCHG,15.63597720214283
2015,Franklin,RPOPCHG,15.248300839996627
2016,Franklin,RPOPCHG,13.29279296951626
2017,Franklin,RPOPCHG,15.92809009579239
2018,Franklin,RPOPCHG,8.988313815575156
2019,Franklin,RPOPCHG,6.695241943078292
2020,Franklin,RPOPCHG,0.6968977855563215
2021,Franklin,RPOPCHG,-5.2461540096527415
2022,Franklin,RPOPCHG,4.536478705938429
2023,Franklin,RPOPCHG,2.910872258708673
2010,Hocking,RPOPCHG,11.059094918244114
2011,Hocking,RPOPCHG,-0.8144980655670943
2012,Hocking,RPOPCHG,-5.5965055965055965
2013,Hocking,RPOPCHG,-23.418141206854436
2014,Hocking,RPOPCHG,2.8180774449431167
2015,Hocking,RPOPCHG,-7.228070175438597
2016,Hocking,RPOPCHG,-5.07167259535801
2017,Hocking,RPOPCHG,2.145168096778731
2018,Hocking,RPOPCHG,-4.619670628063617
2019,Hocking,RPOPCHG,-2.865836399660345
2020,Hocking,RPOPCHG,-6.169757489300999
2021,Hocking,RPOPCHG,1.6725383438311805
2022,Hocking,RPOPCHG,-8.591559421957006
2023,Hocking,RPOPCHG,-7.9520697167756
2010,Knox,RPOPCHG,8.46292355541005
2011,Knox,RPOPCHG,2.757697893379893
2012,Knox,RPOPCHG,-8.014613916134554
2013,Knox,RPOPCHG,2.086825068191528
2014,Knox,RPOPCHG,2.8852459016393444
2015,Knox,RPOPCHG,-0.2950771298831167
2016,Knox,RPOPCHG,-1.7403011049270225
2017,Knox,RPOPCHG,6.250918052586052
2018,Knox,RPOPCHG,9.919224555735056
2019,Knox,RPOPCHG,7.445203940823465
2020,Knox,RPOPCHG,2.2769612916580417
2021,Knox,RPOPCHG,-3.69345890027661
2022,Knox,RPOPCHG,10.53864168618267
2023,Knox,RPOPCHG,1.2476310802274162
2010,Licking,RPOPCHG,5.64470171860472
2011,Licking,RPOPCHG,2.787681558230241
2012,Licking,RPOPCHG,2.416626389560174
2013,Licking,RPOPCHG,5.265313633422572
2014,Licking,RPOPCHG,6.2865238179564376
2015,Licking,RPOPCHG,6.31846715627949
2016,Licking,RPOPCHG,8.942224392853198
2017,Licking,RPOPCHG,8.461152997690318
2018,Licking,RPOPCHG,11.334008857718626
2019,Licking,RPOPCHG,6.479628184686366
2020,Licking,RPOPCHG,4.043986039019152
2021,Licking,RPOPCHG,6.243716010909838
2022,Licking,RPOPCHG,10.486067174648586
2023,Licking,RPOPCHG,7.718298480903488
2010,Logan,RPOPCHG,-5.028091729882168
2011,Logan,RPOPCHG,-3.1343839729960767
2012,Logan,RPOPCHG,-4.756661528297732
2013,Logan,RPOPCHG,-0.2202982838763686
2014,Logan,RPOPCHG,0.9895982231214128
2015,Logan,RPOPCHG,-3.712707182320442
2016,Logan,RPOPCHG,-3.7670625775571702
2017,Logan,RPOPCHG,2.588610115491836
2018,Logan,RPOPCHG,2.426541957116385
2019,Logan,RPOPCHG,7.094062007356806
2020,Logan,RPOPCHG,-7.41608118657299
2021,Logan,RPOPCHG,0.1083235842107543
2022,Logan,RPOPCHG,-0.5861664712778429
2023,Logan,RPOPCHG,-0.6296545584818811
2010,Madison,RPOPCHG,3.59165630611963
2011,Madison,RPOPCHG,-7.329405761469593
2012,Madison,RPOPCHG,-3.744969877416204
2013,Madison,RPOPCHG,7.4440540040688
2014,Madison,RPOPCHG,16.16643929058663
2015,Madison,RPOPCHG,2.85461836471148
2016,Madison,RPOPCHG,-18.051040874196
2017,Madison,RPOPCHG,15.258509116505076
2018,Madison,RPOPCHG,8.020004956182838
2019,Madison,RPOPCHG,7.064451946077664
2020,Madison,RPOPCHG,-1.185887933590276
2021,Madison,RPOPCHG,12.177005492032052
2022,Madison,RPOPCHG,-18.4942979738877
2023,Madison,RPOPCHG,22.711986009595982
2010,Marion,RPOPCHG,-0.4213187276174426
2011,Marion,RPOPCHG,1.35137164221685
2012,Marion,RPOPCHG,-4.888573713354558
2013,Marion,RPOPCHG,-4.729852646898308
2014,Marion,RPOPCHG,-3.9367086683588943
2015,Marion,RPOPCHG,-5.379712980085892
2016,Marion,RPOPCHG,0.2902225548749751
2017,Marion,RPOPCHG,-5.393693527567767
2018,Marion,RPOPCHG,4.5241261252999525
2019,Marion,RPOPCHG,-6.298680349653572
2020,Marion,RPOPCHG,0.3211598458432739
2021,Marion,RPOPCHG,-2.403919767263819
2022,Marion,RPOPCHG,-9.549753130368837
2023,Marion,RPOPCHG,3.376971827728177
2010,Morrow,RPOPCHG,-1.3509629203794191
2011,Morrow,RPOPCHG,1.694915254237288
2012,Morrow,RPOPCHG,0.4019061836137107
2013,Morrow,RPOPCHG,0.2582792860012627
2014,Morrow,RPOPCHG,2.2039671408535364
2015,Morrow,RPOPCHG,0.4292705262856652
2016,Morrow,RPOPCHG,-0.7158811064658382
2017,Morrow,RPOPCHG,-0.8879722723496892
2018,Morrow,RPOPCHG,6.322444678609062
2019,Morrow,RPOPCHG,5.010190217391304
2020,Morrow,RPOPCHG,0.5145797598627788
2021,Morrow,RPOPCHG,6.078682005396961
2022,Morrow,RPOPCHG,4.527960153950645
2023,Morrow,RPOPCHG,8.90574518893103
2010,Perry,RPOPCHG,3.274412409468047
2011,Perry,RPOPCHG,4.250386398763524
2012,Perry,RPOPCHG,-6.864161849710983
2013,Perry,RPOPCHG,0.9166666666666666
2014,Perry,RPOPCHG,-1.8927796025162835
2015,Perry,RPOPCHG,2.641310089804543
2016,Perry,RPOPCHG,-0.4166898161008945
2017,Perry,RPOPCHG,-0.8895807850550428
2018,Perry,RPOPCHG,1.415133605260967
2019,Perry,RPOPCHG,1.8818840980793712
2020,Perry,RPOPCHG,1.636291824183265
2021,Perry,RPOPCHG,-1.1842995713963456
2022,Perry,RPOPCHG,2.029827182769022
2023,Perry,RPOPCHG,2.8972462096706137
2010,Pickaway,RPOPCHG,1.004664513814137
2011,Pickaway,RPOPCHG,3.235146922141989
2012,Pickaway,RPOPCHG,5.476821309813824
2013,Pickaway,RPOPCHG,2.6262088545825573
2014,Pickaway,RPOPCHG,6.066591422121896
2015,Pickaway,RPOPCHG,3.895488603063749
2016,Pickaway,RPOPCHG,9.383960378833956
2017,Pickaway,RPOPCHG,2.9095947350190507
2018,Pickaway,RPOPCHG,6.35363396869673
2019,Pickaway,RPOPCHG,5.303043262569068
2020,Pickaway,RPOPCHG,6.785324604473541
2021,Pickaway,RPOPCHG,0.9359312515953372
2022,Pickaway,RPOPCHG,20.96422084090189
2023,Pickaway,RPOPCHG,18.90776937432472
2010,Ross,RPOPCHG,0.8835053394453123
2011,Ross,RPOPCHG,-5.194570835642748
2012,Ross,RPOPCHG,-4.6029919447640975
2013,Ross,RPOPCHG,0.4011231448054552
2014,Ross,RPOPCHG,-3.2038394188987613
2015,Ross,RPOPCHG,-0.1427662915806824
2016,Ross,RPOPCHG,-2.550489277534874
2017,Ross,RPOPCHG,5.666601979429458
2018,Ross,RPOPCHG,-6.074085635502835
2019,Ross,RPOPCHG,-4.617431455925704
2020,Ross,RPOPCHG,-4.231073732300224
2021,Ross,RPOPCHG,-7.150326797385621
2022,Ross,RPOPCHG,0.1568463428661055
2023,Ross,RPOPCHG,0.6143710539731506
2010,Union,RPOPCHG,7.224001219884111
2011,Union,RPOPCHG,12.053865712402295
2012,Union,RPOPCHG,-6.780816728540041
2013,Union,RPOPCHG,11.883374504079647
2014,Union,RPOPCHG,7.234113774570881
2015,Union,RPOPCHG,11.08700448628374
2016,Union,RPOPCHG,21.698062287472336
2017,Union,RPOPCHG,20.986654459664077
2018,Union,RPOPCHG,17.09875047592676
2019,Union,RPOPCHG,20.02102122465586
2020,Union,RPOPCHG,19.513354997225964
2021,Union,RPOPCHG,32.10149602187202
2022,Union,RPOPCHG,26.018302530055625
2023,Union,RPOPCHG,41.745049327225466
